,preproc_label,model_label,método,parámetros,columnas_out,auc_train,auc_val,threshold,f1_train,f1_val
0,preprocess_v1_over50,xgboost_baseline,fit,"{'C': 0.001, 'penalty': 'l1', 'random_state': 2020, 'solver': 'liblinear'}",,0.7729607100119664,0.7794560669098686,1,0.784061269976763,0.34653684443460947
1,preprocess_v1_smote20,xgboost_baseline,fit,"{'C': 0.001, 'penalty': 'l1', 'random_state': 2020, 'solver': 'liblinear'}",,0.5436551465420633,0.5517854077106585,0.0,0.28570410997934326,0.1570275722932078
2,preprocess_v1_smote50,xgboost_baseline,fit,"{'C': 0.001, 'penalty': 'l1', 'random_state': 2020, 'solver': 'liblinear'}",,0.7887913841244516,0.7812877689791924,1.0,0.8021069351334937,0.34890965732087226
3,preprocess_v1_smoteTomek20,xgboost_baseline,fit,"{'C': 0.001, 'penalty': 'l1', 'random_state': 2020, 'solver': 'liblinear'}",,0.5406064296160378,0.5488725786214018,0.0,0.26733615813936124,0.1570275722932078
4,preprocess_v1_smoteTomek50,xgboost_baseline,fit,"{'C': 0.001, 'penalty': 'l1', 'random_state': 2020, 'solver': 'liblinear'}",,0.7928375900951806,0.782408293181661,1.0,0.8058556332227165,0.3497219132369299
5,preprocess_v1,xgboost_baseline,fit,"{'C': 0.001, 'penalty': 'l1', 'random_state': 2020, 'solver': 'liblinear'}",,0.5,0.5,0,0.15695670449768812,0.1570275722932078
6,preprocess_v1_under50,xgboost_baseline,fit,"{'C': 0.001, 'penalty': 'l1', 'random_state': 2020, 'solver': 'liblinear'}",,0.7138457418318157,0.7126362032134435,1,0.7238661325752681,0.2865916069600819
7,preprocess_v2_over50,xgboost_baseline,fit,"{'C': 0.001, 'penalty': 'l1', 'random_state': 2020, 'solver': 'liblinear'}",,0.7726615476665337,0.7796555084734904,1,0.7838433640695002,0.34684385382059796
8,preprocess_v2_smote20,xgboost_baseline,fit,"{'C': 0.001, 'penalty': 'l1', 'random_state': 2020, 'solver': 'liblinear'}",,0.5436426814443368,0.5517854077106585,0.0,0.28570410997934326,0.1570275722932078
9,preprocess_v2_smote50,xgboost_baseline,fit,"{'C': 0.001, 'penalty': 'l1', 'random_state': 2020, 'solver': 'liblinear'}",,0.7886168727562823,0.7814504825460872,1.0,0.8019156640579371,0.3496316141995981
10,preprocess_v2_smoteTomek20,xgboost_baseline,fit,"{'C': 0.001, 'penalty': 'l1', 'random_state': 2020, 'solver': 'liblinear'}",,0.5400881432532808,0.5483372467156203,0.0,0.26709002614867383,0.1570275722932078
11,preprocess_v2_smoteTomek50,xgboost_baseline,fit,"{'C': 0.001, 'penalty': 'l1', 'random_state': 2020, 'solver': 'liblinear'}",,0.7928501469147894,0.7818362332791524,1.0,0.8059153637101613,0.34976578184251617
12,preprocess_v2,xgboost_baseline,fit,"{'C': 0.001, 'penalty': 'l1', 'random_state': 2020, 'solver': 'liblinear'}",,0.5,0.5,0,0.15695670449768812,0.1570275722932078
13,preprocess_v2_under50,xgboost_baseline,fit,"{'C': 0.001, 'penalty': 'l1', 'random_state': 2020, 'solver': 'liblinear'}",,0.7138457418318157,0.7126362032134435,1,0.7238661325752681,0.2865916069600819
14,preprocess_v1_over50,xgboost_baseline,fit,"{'C': 0.001, 'penalty': 'l1', 'random_state': 2020, 'solver': 'saga'}",,0.7661173713601914,0.7778580787499498,1,0.773844392213584,0.35108571428571433
15,preprocess_v1_smote20,xgboost_baseline,fit,"{'C': 0.001, 'penalty': 'l1', 'random_state': 2020, 'solver': 'saga'}",,0.5404140377772453,0.5483372467156203,0.0,0.28570410997934326,0.1570275722932078
16,preprocess_v1_smote50,xgboost_baseline,fit,"{'C': 0.001, 'penalty': 'l1', 'random_state': 2020, 'solver': 'saga'}",,0.7822347427203828,0.7729403708161047,1.0,0.7927491873680215,0.34752747252747257
17,preprocess_v1_smoteTomek20,xgboost_baseline,fit,"{'C': 0.001, 'penalty': 'l1', 'random_state': 2020, 'solver': 'saga'}",,0.5372120323537217,0.5428474788792665,0.0,0.26733615813936124,0.1570275722932078
18,preprocess_v1_smoteTomek50,xgboost_baseline,fit,"{'C': 0.001, 'penalty': 'l1', 'random_state': 2020, 'solver': 'saga'}",,0.7862452598005977,0.7721557369557956,1.0,0.7964997429797611,0.3467520585544373
19,preprocess_v1,xgboost_baseline,fit,"{'C': 0.001, 'penalty': 'l1', 'random_state': 2020, 'solver': 'saga'}",,0.5009373326191752,0.5016059957173448,0,0.15695670449768812,0.1570275722932078
20,preprocess_v1_under50,xgboost_baseline,fit,"{'C': 0.001, 'penalty': 'l1', 'random_state': 2020, 'solver': 'saga'}",,0.7134440278521694,0.7119408269265756,1,0.7227260948432236,0.2868920032976093
21,preprocess_v2_over50,xgboost_baseline,fit,"{'C': 0.001, 'penalty': 'l1', 'random_state': 2020, 'solver': 'saga'}",,0.7658680694056641,0.7772230260623573,1,0.7738105273298733,0.3505484460694699
22,preprocess_v2_smote20,xgboost_baseline,fit,"{'C': 0.001, 'penalty': 'l1', 'random_state': 2020, 'solver': 'saga'}",,0.5409375967435782,0.547851775200744,0.0,0.28570410997934326,0.1570275722932078
23,preprocess_v2_smote50,xgboost_baseline,fit,"{'C': 0.001, 'penalty': 'l1', 'random_state': 2020, 'solver': 'saga'}",,0.7821225568408456,0.7741238878036573,1.0,0.7926940639269405,0.3489439853076217
24,preprocess_v2_smoteTomek20,xgboost_baseline,fit,"{'C': 0.001, 'penalty': 'l1', 'random_state': 2020, 'solver': 'saga'}",,0.5376097959125481,0.5439680030817352,0.0,0.26709002614867383,0.1570275722932078
25,preprocess_v2_smoteTomek50,xgboost_baseline,fit,"{'C': 0.001, 'penalty': 'l1', 'random_state': 2020, 'solver': 'saga'}",,0.7860317938672492,0.7729535032102832,1.0,0.7963573784597735,0.3480257116620753
26,preprocess_v2,xgboost_baseline,fit,"{'C': 0.001, 'penalty': 'l1', 'random_state': 2020, 'solver': 'saga'}",,0.5010712372790573,0.5016059957173448,0,0.15695670449768812,0.1570275722932078
27,preprocess_v2_under50,xgboost_baseline,fit,"{'C': 0.001, 'penalty': 'l1', 'random_state': 2020, 'solver': 'saga'}",,0.7134440278521694,0.7119408269265756,1,0.7227260948432236,0.2868920032976093
28,preprocess_v1_over50,xgboost_baseline,fit,"{'C': 0.001, 'penalty': 'l2', 'random_state': 2020, 'solver': 'liblinear'}",,0.7822970682090149,0.7857516085581358,1,0.7922638659260405,0.3569961196073956
29,preprocess_v1_smote20,xgboost_baseline,fit,"{'C': 0.001, 'penalty': 'l2', 'random_state': 2020, 'solver': 'liblinear'}",,0.5914488174074944,0.6067854760418152,1.0,0.3106256206554121,0.3341288782816229
30,preprocess_v1_smote50,xgboost_baseline,fit,"{'C': 0.001, 'penalty': 'l2', 'random_state': 2020, 'solver': 'liblinear'}",,0.7964698843238931,0.78381239168444,1.0,0.8079194409806366,0.35783633841886264
31,preprocess_v1_smoteTomek20,xgboost_baseline,fit,"{'C': 0.001, 'penalty': 'l2', 'random_state': 2020, 'solver': 'liblinear'}",,0.5948977109288619,0.6045706924252351,1.0,0.3185110888220216,0.3314378554021121
32,preprocess_v1_smoteTomek50,xgboost_baseline,fit,"{'C': 0.001, 'penalty': 'l2', 'random_state': 2020, 'solver': 'liblinear'}",,0.7999949772721565,0.7856178289654064,1.0,0.8112840927940097,0.3593063583815029
33,preprocess_v1,xgboost_baseline,fit,"{'C': 0.001, 'penalty': 'l2', 'random_state': 2020, 'solver': 'liblinear'}",,0.546731965173465,0.5572043887393671,1,0.17093607852525736,0.2045028142589118
34,preprocess_v1_under50,xgboost_baseline,fit,"{'C': 0.001, 'penalty': 'l2', 'random_state': 2020, 'solver': 'liblinear'}",,0.7583020889126942,0.7579348488045037,1,0.7742338961851157,0.31950464396284833
35,preprocess_v2_over50,xgboost_baseline,fit,"{'C': 0.001, 'penalty': 'l2', 'random_state': 2020, 'solver': 'liblinear'}",,0.7820851615476665,0.7861872196821063,1,0.7922124230394371,0.3572080291970803
36,preprocess_v2_smote20,xgboost_baseline,fit,"{'C': 0.001, 'penalty': 'l2', 'random_state': 2020, 'solver': 'liblinear'}",,0.5911994968065979,0.6068851968236262,1.0,0.3099263974537498,0.33466135458167334
37,preprocess_v2_smote50,xgboost_baseline,fit,"{'C': 0.001, 'penalty': 'l2', 'random_state': 2020, 'solver': 'liblinear'}",,0.7965446749102512,0.783675942905902,1.0,0.8080713059429457,0.3581190641649294
38,preprocess_v2_smoteTomek20,xgboost_baseline,fit,"{'C': 0.001, 'penalty': 'l2', 'random_state': 2020, 'solver': 'liblinear'}",,0.5945031472095692,0.6040353605194535,1.0,0.31743549648162633,0.3300813008130082
39,preprocess_v2_smoteTomek50,xgboost_baseline,fit,"{'C': 0.001, 'penalty': 'l2', 'random_state': 2020, 'solver': 'liblinear'}",,0.7999321931741129,0.7852950710174254,1.0,0.8113522537562604,0.3597957288765088
40,preprocess_v2,xgboost_baseline,fit,"{'C': 0.001, 'penalty': 'l2', 'random_state': 2020, 'solver': 'liblinear'}",,0.5468658698333472,0.557304109521178,1,0.17137386309238872,0.20488721804511278
41,preprocess_v2_under50,xgboost_baseline,fit,"{'C': 0.001, 'penalty': 'l2', 'random_state': 2020, 'solver': 'liblinear'}",,0.7593733261917515,0.7596038373069325,1,0.7750657153586181,0.32099276111685626
42,preprocess_v1_over50,xgboost_baseline,fit,"{'C': 0.001, 'penalty': 'l2', 'random_state': 2020, 'solver': 'saga'}",,0.7777473075388912,0.7808523713900863,1,0.785382411709478,0.3580131208997188
43,preprocess_v1_smote20,xgboost_baseline,fit,"{'C': 0.001, 'penalty': 'l2', 'random_state': 2020, 'solver': 'saga'}",,0.5840067376292778,0.6007735086938585,1.0,0.2899726249619791,0.3216326530612245
44,preprocess_v1_smote50,xgboost_baseline,fit,"{'C': 0.001, 'penalty': 'l2', 'random_state': 2020, 'solver': 'saga'}",,0.7921818907060232,0.7825108966841452,1.0,0.801604112621082,0.36135448733128106
45,preprocess_v1_smoteTomek20,xgboost_baseline,fit,"{'C': 0.001, 'penalty': 'l2', 'random_state': 2020, 'solver': 'saga'}",,0.5867058548716135,0.5952470128607777,1.0,0.296127562642369,0.30962343096234307
46,preprocess_v1_smoteTomek50,xgboost_baseline,fit,"{'C': 0.001, 'penalty': 'l2', 'random_state': 2020, 'solver': 'saga'}",,0.794457419824707,0.7823114551205234,1.0,0.8036324811957918,0.3610125384433404
47,preprocess_v1,xgboost_baseline,fit,"{'C': 0.001, 'penalty': 'l2', 'random_state': 2020, 'solver': 'saga'}",,0.5376453362294199,0.5420287862080393,0,0.15695670449768812,0.1570275722932078
48,preprocess_v1_under50,xgboost_baseline,fit,"{'C': 0.001, 'penalty': 'l2', 'random_state': 2020, 'solver': 'saga'}",,0.7430369576861274,0.7408413828859494,1,0.7457941449198568,0.3220648698035633
49,preprocess_v2_over50,xgboost_baseline,fit,"{'C': 0.001, 'penalty': 'l2', 'random_state': 2020, 'solver': 'saga'}",,0.7760021938571999,0.7810386805595296,1,0.7834783237342459,0.3578110383536015
50,preprocess_v2_smote20,xgboost_baseline,fit,"{'C': 0.001, 'penalty': 'l2', 'random_state': 2020, 'solver': 'saga'}",,0.5838945455342841,0.600823369084764,1.0,0.2896551724137931,0.32189542483660133
51,preprocess_v2_smote50,xgboost_baseline,fit,"{'C': 0.001, 'penalty': 'l2', 'random_state': 2020, 'solver': 'saga'}",,0.792107100119665,0.7810676145336954,1.0,0.8016318568913839,0.3609988109393579
52,preprocess_v2_smoteTomek20,xgboost_baseline,fit,"{'C': 0.001, 'penalty': 'l2', 'random_state': 2020, 'solver': 'saga'}",,0.5868126572713729,0.5951971524698724,1.0,0.29640616086708504,0.3093645484949833
53,preprocess_v2_smoteTomek50,xgboost_baseline,fit,"{'C': 0.001, 'penalty': 'l2', 'random_state': 2020, 'solver': 'saga'}",,0.7948090107737513,0.7824741686874183,1.0,0.8040999820176228,0.3618233618233619
54,preprocess_v2,xgboost_baseline,fit,"{'C': 0.001, 'penalty': 'l2', 'random_state': 2020, 'solver': 'saga'}",,0.537486501374085,0.5415433146931632,0,0.15695670449768812,0.1570275722932078
55,preprocess_v2_under50,xgboost_baseline,fit,"{'C': 0.001, 'penalty': 'l2', 'random_state': 2020, 'solver': 'saga'}",,0.7443760042849491,0.7422742018280293,1,0.746984758117959,0.32377894978216004
56,preprocess_v1_over50,xgboost_baseline,fit,"{'C': 0.01, 'penalty': 'l1', 'random_state': 2020, 'solver': 'liblinear'}",,0.7915337056242522,0.7975081976034554,1,0.7986903558187685,0.37907542579075426
57,preprocess_v1_smote20,xgboost_baseline,fit,"{'C': 0.01, 'penalty': 'l1', 'random_state': 2020, 'solver': 'liblinear'}",,0.6443037530317752,0.6558049666501249,1.0,0.43661726242371407,0.42420122365737595
58,preprocess_v1_smote50,xgboost_baseline,fit,"{'C': 0.01, 'penalty': 'l1', 'random_state': 2020, 'solver': 'liblinear'}",,0.8074890307140008,0.7985107437931821,1.0,0.8154662333317403,0.3858858858858859
59,preprocess_v1_smoteTomek20,xgboost_baseline,fit,"{'C': 0.01, 'penalty': 'l1', 'random_state': 2020, 'solver': 'liblinear'}",,0.6568655649299577,0.6568153068624126,1.0,0.46319883325230915,0.43224461431549693
60,preprocess_v1_smoteTomek50,xgboost_baseline,fit,"{'C': 0.01, 'penalty': 'l1', 'random_state': 2020, 'solver': 'liblinear'}",,0.8095256033551823,0.7972039104212701,1.0,0.8170933162914642,0.38525206922498123
61,preprocess_v1,xgboost_baseline,fit,"{'C': 0.01, 'penalty': 'l1', 'random_state': 2020, 'solver': 'liblinear'}",,0.5858385486892725,0.5945411733655401,1,0.29111361079865017,0.3158828748890861
62,preprocess_v1_under50,xgboost_baseline,fit,"{'C': 0.01, 'penalty': 'l1', 'random_state': 2020, 'solver': 'liblinear'}",,0.7699517943224424,0.7794560669098686,1,0.7817026683608641,0.34653684443460947
63,preprocess_v2_over50,xgboost_baseline,fit,"{'C': 0.01, 'penalty': 'l1', 'random_state': 2020, 'solver': 'liblinear'}",,0.7904866374152374,0.7979936691183317,1,0.7976158940397351,0.37937743190661477
64,preprocess_v2_smote20,xgboost_baseline,fit,"{'C': 0.01, 'penalty': 'l1', 'random_state': 2020, 'solver': 'liblinear'}",,0.6429948525082151,0.6559545478228412,1.0,0.4337496724604769,0.42506811989100823
65,preprocess_v2_smote50,xgboost_baseline,fit,"{'C': 0.01, 'penalty': 'l1', 'random_state': 2020, 'solver': 'liblinear'}",,0.8074017750299163,0.7987600457477094,1.0,0.8154377247154102,0.3863693309947381
66,preprocess_v2_smoteTomek20,xgboost_baseline,fit,"{'C': 0.01, 'penalty': 'l1', 'random_state': 2020, 'solver': 'liblinear'}",,0.6565086824490495,0.6569150276442236,1.0,0.46251340547918496,0.4328462073764788
67,preprocess_v2_smoteTomek50,xgboost_baseline,fit,"{'C': 0.01, 'penalty': 'l1', 'random_state': 2020, 'solver': 'liblinear'}",,0.8101911147944449,0.7968181596882048,1.0,0.817897070161912,0.3851368315340196
68,preprocess_v2,xgboost_baseline,fit,"{'C': 0.01, 'penalty': 'l1', 'random_state': 2020, 'solver': 'liblinear'}",,0.5858385486892725,0.5940058414597584,1,0.29111361079865017,0.31438721136767317
69,preprocess_v2_under50,xgboost_baseline,fit,"{'C': 0.01, 'penalty': 'l1', 'random_state': 2020, 'solver': 'liblinear'}",,0.7692822710230316,0.7774669896452675,1,0.7806492679821769,0.34714445688689805
70,preprocess_v1_over50,xgboost_baseline,fit,"{'C': 0.01, 'penalty': 'l1', 'random_state': 2020, 'solver': 'saga'}",,0.7914339848424412,0.7972353000463798,1,0.7983804887453607,0.3797653958944282
71,preprocess_v1_smote20,xgboost_baseline,fit,"{'C': 0.01, 'penalty': 'l1', 'random_state': 2020, 'solver': 'saga'}",,0.6440295053431544,0.6551200535716268,1.0,0.43604955505147447,0.42226748133061776
72,preprocess_v1_smote50,xgboost_baseline,fit,"{'C': 0.01, 'penalty': 'l1', 'random_state': 2020, 'solver': 'saga'}",,0.8069405664140408,0.7984740157964552,1.0,0.8146659008232816,0.3864491844416562
73,preprocess_v1_smoteTomek20,xgboost_baseline,fit,"{'C': 0.01, 'penalty': 'l1', 'random_state': 2020, 'solver': 'saga'}",,0.6558498322365445,0.6568153068624126,1.0,0.4609694374148336,0.43224461431549693
74,preprocess_v1_smoteTomek50,xgboost_baseline,fit,"{'C': 0.01, 'penalty': 'l1', 'random_state': 2020, 'solver': 'saga'}",,0.8090610010296592,0.7978022351121357,1.0,0.8163659638190468,0.3864150943396226
75,preprocess_v1,xgboost_baseline,fit,"{'C': 0.01, 'penalty': 'l1', 'random_state': 2020, 'solver': 'saga'}",,0.5859101278605229,0.5944913129746348,1,0.2911705234778701,0.3156028368794326
76,preprocess_v1_under50,xgboost_baseline,fit,"{'C': 0.01, 'penalty': 'l1', 'random_state': 2020, 'solver': 'saga'}",,0.7599089448312801,0.7710746099358627,1,0.7669915529564653,0.34740484429065743
77,preprocess_v2_over50,xgboost_baseline,fit,"{'C': 0.01, 'penalty': 'l1', 'random_state': 2020, 'solver': 'saga'}",,0.7903869166334263,0.7973218884340121,1,0.7972754671488849,0.3793271574841541
78,preprocess_v2_smote20,xgboost_baseline,fit,"{'C': 0.01, 'penalty': 'l1', 'random_state': 2020, 'solver': 'saga'}",,0.6426333460277813,0.6554192159170596,1.0,0.4329662646390491,0.4239945466939332
79,preprocess_v2_smote50,xgboost_baseline,fit,"{'C': 0.01, 'penalty': 'l1', 'random_state': 2020, 'solver': 'saga'}",,0.807052752293578,0.7991090684840476,1.0,0.8148378530330036,0.3870481927710843
80,preprocess_v2_smoteTomek20,xgboost_baseline,fit,"{'C': 0.01, 'penalty': 'l1', 'random_state': 2020, 'solver': 'saga'}",,0.6559492418896089,0.6558942242235659,1.0,0.4613132988584252,0.4309623430962344
81,preprocess_v2_smoteTomek50,xgboost_baseline,fit,"{'C': 0.01, 'penalty': 'l1', 'random_state': 2020, 'solver': 'saga'}",,0.8096637283708783,0.796681710909667,1.0,0.8171090733590735,0.3855057876195269
82,preprocess_v2,xgboost_baseline,fit,"{'C': 0.01, 'penalty': 'l1', 'random_state': 2020, 'solver': 'saga'}",,0.5858011533960935,0.5945411733655401,1,0.2909172661870504,0.3158828748890861
83,preprocess_v2_under50,xgboost_baseline,fit,"{'C': 0.01, 'penalty': 'l1', 'random_state': 2020, 'solver': 'saga'}",,0.7608462774504553,0.7707754475904298,1,0.7681723779854621,0.3469246717346234
84,preprocess_v1_over50,xgboost_baseline,fit,"{'C': 0.01, 'penalty': 'l2', 'random_state': 2020, 'solver': 'liblinear'}",,0.7920323095333066,0.7971224468703904,1,0.799258831456348,0.3789576229907452
85,preprocess_v1_smote20,xgboost_baseline,fit,"{'C': 0.01, 'penalty': 'l2', 'random_state': 2020, 'solver': 'liblinear'}",,0.6395293657688663,0.6480242900179284,1.0,0.4263709180529883,0.4093728463128877
86,preprocess_v1_smote50,xgboost_baseline,fit,"{'C': 0.01, 'penalty': 'l2', 'random_state': 2020, 'solver': 'liblinear'}",,0.8071275428799363,0.8000537467254429,1.0,0.81543067765677,0.3863409770687936
87,preprocess_v1_smoteTomek20,xgboost_baseline,fit,"{'C': 0.01, 'penalty': 'l2', 'random_state': 2020, 'solver': 'liblinear'}",,0.6465464652599395,0.6437443039574844,1.0,0.4414914716382388,0.4083094555873926
88,preprocess_v1_smoteTomek50,xgboost_baseline,fit,"{'C': 0.01, 'penalty': 'l2', 'random_state': 2020, 'solver': 'liblinear'}",,0.8100027625003141,0.7982614418386548,1.0,0.8178458352895855,0.38540364908772806
89,preprocess_v1,xgboost_baseline,fit,"{'C': 0.01, 'penalty': 'l2', 'random_state': 2020, 'solver': 'liblinear'}",,0.5831946393697005,0.5916650722730104,1,0.2832656743346866,0.30728241563055064
90,preprocess_v1_under50,xgboost_baseline,fit,"{'C': 0.01, 'penalty': 'l2', 'random_state': 2020, 'solver': 'liblinear'}",,0.7846813069094805,0.784072156847337,1,0.7942155106219605,0.35674931129476584
91,preprocess_v2_over50,xgboost_baseline,fit,"{'C': 0.01, 'penalty': 'l2', 'random_state': 2020, 'solver': 'liblinear'}",,0.7914215197447149,0.7964873941827978,1,0.7986668431374909,0.37837837837837834
92,preprocess_v2_smote20,xgboost_baseline,fit,"{'C': 0.01, 'penalty': 'l2', 'random_state': 2020, 'solver': 'liblinear'}",,0.6385321113348343,0.6452111817104825,1.0,0.42410360320676593,0.4050104384133612
93,preprocess_v2_smote50,xgboost_baseline,fit,"{'C': 0.01, 'penalty': 'l2', 'random_state': 2020, 'solver': 'liblinear'}",,0.8071026126844834,0.7996811283865561,1.0,0.8155080532672062,0.3868868868868869
94,preprocess_v2_smoteTomek20,xgboost_baseline,fit,"{'C': 0.01, 'penalty': 'l2', 'random_state': 2020, 'solver': 'liblinear'}",,0.646198167276149,0.6425371913673833,1.0,0.44064766067348765,0.40722021660649815
95,preprocess_v2_smoteTomek50,xgboost_baseline,fit,"{'C': 0.01, 'penalty': 'l2', 'random_state': 2020, 'solver': 'liblinear'}",,0.8101785579748362,0.7981748534510223,1.0,0.8181369777317951,0.38586820345778006
96,preprocess_v2,xgboost_baseline,fit,"{'C': 0.01, 'penalty': 'l2', 'random_state': 2020, 'solver': 'liblinear'}",,0.5834624486894648,0.5917149326639157,1,0.28403967538322816,0.3075555555555555
97,preprocess_v2_under50,xgboost_baseline,fit,"{'C': 0.01, 'penalty': 'l2', 'random_state': 2020, 'solver': 'liblinear'}",,0.7838778789501876,0.783413508557196,1,0.7931829830855972,0.35717581910475316
98,preprocess_v1_over50,xgboost_baseline,fit,"{'C': 0.01, 'penalty': 'l2', 'random_state': 2020, 'solver': 'saga'}",,0.7918453330674113,0.796936137700947,1,0.7988581202346395,0.37920937042459735
99,preprocess_v1_smote20,xgboost_baseline,fit,"{'C': 0.01, 'penalty': 'l2', 'random_state': 2020, 'solver': 'saga'}",,0.6374849840789842,0.6470034865972707,1.0,0.42187085946471164,0.4074585635359116
100,preprocess_v1_smote50,xgboost_baseline,fit,"{'C': 0.01, 'penalty': 'l2', 'random_state': 2020, 'solver': 'saga'}",,0.8064170323095332,0.7994816868229344,1.0,0.8144829892966361,0.3865
101,preprocess_v1_smoteTomek20,xgboost_baseline,fit,"{'C': 0.01, 'penalty': 'l2', 'random_state': 2020, 'solver': 'saga'}",,0.6444390472169506,0.6405323125227949,1.0,0.43679761312779714,0.40143884892086334
102,preprocess_v1_smoteTomek50,xgboost_baseline,fit,"{'C': 0.01, 'penalty': 'l2', 'random_state': 2020, 'solver': 'saga'}",,0.8093121374218338,0.7982745742328333,1.0,0.816903785869303,0.3860616695913763
103,preprocess_v1,xgboost_baseline,fit,"{'C': 0.01, 'penalty': 'l2', 'random_state': 2020, 'solver': 'saga'}",,0.5819147068444029,0.5894738842589785,1,0.27939517039043105,0.3009795191451469
104,preprocess_v1_under50,xgboost_baseline,fit,"{'C': 0.01, 'penalty': 'l2', 'random_state': 2020, 'solver': 'saga'}",,0.7782538832351366,0.7809153641751703,1,0.785603314344899,0.35863689776733254
105,preprocess_v2_over50,xgboost_baseline,fit,"{'C': 0.01, 'penalty': 'l2', 'random_state': 2020, 'solver': 'saga'}",,0.7918827283605904,0.7962512246224489,1,0.7990032022728915,0.3785365853658537
106,preprocess_v2_smote20,xgboost_baseline,fit,"{'C': 0.01, 'penalty': 'l2', 'random_state': 2020, 'solver': 'saga'}",,0.6370486870121923,0.6445761290228901,1.0,0.4208480565371025,0.4033379694019471
107,preprocess_v2_smote50,xgboost_baseline,fit,"{'C': 0.01, 'penalty': 'l2', 'random_state': 2020, 'solver': 'saga'}",,0.8068283805345032,0.7998307095592726,1.0,0.814972240463256,0.3871775607312798
108,preprocess_v2_smoteTomek20,xgboost_baseline,fit,"{'C': 0.01, 'penalty': 'l2', 'random_state': 2020, 'solver': 'saga'}",,0.6449649102172038,0.6398605318384754,1.0,0.4379416741315816,0.4014492753623189
109,preprocess_v2_smoteTomek50,xgboost_baseline,fit,"{'C': 0.01, 'penalty': 'l2', 'random_state': 2020, 'solver': 'saga'}",,0.8095632738140084,0.7981381254542954,1.0,0.8172286630191135,0.3864321608040201
110,preprocess_v2,xgboost_baseline,fit,"{'C': 0.01, 'penalty': 'l2', 'random_state': 2020, 'solver': 'saga'}",,0.5824752556793843,0.5900092161647601,1,0.28107376494473274,0.30249110320284694
111,preprocess_v2_under50,xgboost_baseline,fit,"{'C': 0.01, 'penalty': 'l2', 'random_state': 2020, 'solver': 'saga'}",,0.7783877878950187,0.7801202671064915,1,0.7855939888586605,0.35937499999999994
112,preprocess_v1_over50,xgboost_baseline,fit,"{'C': 0.1, 'penalty': 'l1', 'random_state': 2020, 'solver': 'liblinear'}",,0.7915711009174312,0.7947476188727238,1,0.7978871281623575,0.3799407114624506
113,preprocess_v1_smote20,xgboost_baseline,fit,"{'C': 0.1, 'penalty': 'l1', 'random_state': 2020, 'solver': 'liblinear'}",,0.6702825456957865,0.6823037892188809,1.0,0.48565407683579176,0.45465686274509803
114,preprocess_v1_smote50,xgboost_baseline,fit,"{'C': 0.1, 'penalty': 'l1', 'random_state': 2020, 'solver': 'liblinear'}",,0.806678799361787,0.7961490481896942,1.0,0.8136183917991612,0.38767193071828837
115,preprocess_v1_smoteTomek20,xgboost_baseline,fit,"{'C': 0.1, 'penalty': 'l1', 'random_state': 2020, 'solver': 'liblinear'}",,0.6866904796930824,0.6833272618253473,1.0,0.5166921623324036,0.4647355163727959
116,preprocess_v1_smoteTomek50,xgboost_baseline,fit,"{'C': 0.1, 'penalty': 'l1', 'random_state': 2020, 'solver': 'liblinear'}",,0.8089354328335719,0.7948290824236037,1.0,0.8155502218343152,0.38635785187070504
117,preprocess_v1,xgboost_baseline,fit,"{'C': 0.1, 'penalty': 'l1', 'random_state': 2020, 'solver': 'liblinear'}",,0.6244578517056366,0.6355360237587433,1,0.38790108318005306,0.41720779220779225
118,preprocess_v1_under50,xgboost_baseline,fit,"{'C': 0.1, 'penalty': 'l1', 'random_state': 2020, 'solver': 'liblinear'}",,0.7917782538832352,0.7992664436793252,1,0.7990696472412456,0.3829682500615309
119,preprocess_v2_over50,xgboost_baseline,fit,"{'C': 0.1, 'penalty': 'l1', 'random_state': 2020, 'solver': 'liblinear'}",,0.7911971479856401,0.7956188411206652,1,0.7975000302220718,0.38036507153428717
120,preprocess_v2_smote20,xgboost_baseline,fit,"{'C': 0.1, 'penalty': 'l1', 'random_state': 2020, 'solver': 'liblinear'}",,0.6703573456053292,0.6820177592676266,1.0,0.4856680161943319,0.45510455104551045
121,preprocess_v2_smote50,xgboost_baseline,fit,"{'C': 0.1, 'penalty': 'l1', 'random_state': 2020, 'solver': 'liblinear'}",,0.8068657758276826,0.7962986293624105,1.0,0.8138411630421724,0.38796839153708895
122,preprocess_v2_smoteTomek20,xgboost_baseline,fit,"{'C': 0.1, 'penalty': 'l1', 'random_state': 2020, 'solver': 'liblinear'}",,0.6865312974487285,0.6820204284534354,1.0,0.5166064981949459,0.4635845471817607
123,preprocess_v2_smoteTomek50,xgboost_baseline,fit,"{'C': 0.1, 'penalty': 'l1', 'random_state': 2020, 'solver': 'liblinear'}",,0.8094251487983124,0.7953276863326584,1.0,0.8161010069187801,0.38734371013013524
124,preprocess_v2,xgboost_baseline,fit,"{'C': 0.1, 'penalty': 'l1', 'random_state': 2020, 'solver': 'liblinear'}",,0.624214972581325,0.6352001334165835,1,0.3874002863571283,0.417277913610432
125,preprocess_v2_under50,xgboost_baseline,fit,"{'C': 0.1, 'penalty': 'l1', 'random_state': 2020, 'solver': 'liblinear'}",,0.7913765399035887,0.7984450818222893,1,0.7988639297702039,0.3826429980276135
126,preprocess_v1_over50,xgboost_baseline,fit,"{'C': 0.1, 'penalty': 'l1', 'random_state': 2020, 'solver': 'saga'}",,0.7915212405265257,0.7947974792636293,1,0.7978045625445797,0.38003459352606866
127,preprocess_v1_smote20,xgboost_baseline,fit,"{'C': 0.1, 'penalty': 'l1', 'random_state': 2020, 'solver': 'saga'}",,0.6704695314848665,0.6823037892188809,1.0,0.4860222024147152,0.45465686274509803
128,preprocess_v1_smote50,xgboost_baseline,fit,"{'C': 0.1, 'penalty': 'l1', 'random_state': 2020, 'solver': 'saga'}",,0.8066912644595133,0.7961989085805996,1.0,0.8136147300610547,0.3877707006369427
129,preprocess_v1_smoteTomek20,xgboost_baseline,fit,"{'C': 0.1, 'penalty': 'l1', 'random_state': 2020, 'solver': 'saga'}",,0.6863286279117888,0.6834269826071583,1.0,0.5159780358268071,0.4653215636822194
130,preprocess_v1_smoteTomek50,xgboost_baseline,fit,"{'C': 0.1, 'penalty': 'l1', 'random_state': 2020, 'solver': 'saga'}",,0.8088224214570934,0.7949288032054146,1.0,0.8153986056380722,0.38655462184873945
131,preprocess_v1,xgboost_baseline,fit,"{'C': 0.1, 'penalty': 'l1', 'random_state': 2020, 'solver': 'saga'}",,0.6241900423858723,0.6360713556645247,1,0.38724187282764266,0.4184914841849148
132,preprocess_v1_under50,xgboost_baseline,fit,"{'C': 0.1, 'penalty': 'l1', 'random_state': 2020, 'solver': 'saga'}",,0.791644349223353,0.7994790176371256,1,0.7986542443064182,0.3839881393624907
133,preprocess_v2_over50,xgboost_baseline,fit,"{'C': 0.1, 'penalty': 'l1', 'random_state': 2020, 'solver': 'saga'}",,0.7911597526924612,0.7952330903875999,1,0.797431929196692,0.38024691358024687
134,preprocess_v2_smote20,xgboost_baseline,fit,"{'C': 0.1, 'penalty': 'l1', 'random_state': 2020, 'solver': 'saga'}",,0.6702326884126093,0.682067619658532,1.0,0.4854227405247813,0.45538461538461533
135,preprocess_v2_smote50,xgboost_baseline,fit,"{'C': 0.1, 'penalty': 'l1', 'random_state': 2020, 'solver': 'saga'}",,0.8067909852413243,0.7962986293624105,1.0,0.813724311981733,0.38796839153708895
136,preprocess_v2_smoteTomek20,xgboost_baseline,fit,"{'C': 0.1, 'penalty': 'l1', 'random_state': 2020, 'solver': 'saga'}",,0.6864613673787986,0.6819705680625299,1.0,0.5164726058308511,0.46329113924050636
137,preprocess_v2_smoteTomek50,xgboost_baseline,fit,"{'C': 0.1, 'penalty': 'l1', 'random_state': 2020, 'solver': 'saga'}",,0.8093874783394861,0.7948920752086877,1.0,0.8160445952496365,0.3871297242083758
138,preprocess_v2,xgboost_baseline,fit,"{'C': 0.1, 'penalty': 'l1', 'random_state': 2020, 'solver': 'saga'}",,0.6240810679214429,0.6351502730256781,1,0.3870703764320786,0.4169381107491857
139,preprocess_v2_under50,xgboost_baseline,fit,"{'C': 0.1, 'penalty': 'l1', 'random_state': 2020, 'solver': 'saga'}",,0.7912426352437064,0.7978730219197809,1,0.7983964826070089,0.3827893175074184
140,preprocess_v1_over50,xgboost_baseline,fit,"{'C': 0.1, 'penalty': 'l2', 'random_state': 2020, 'solver': 'liblinear'}",,0.7916832867969684,0.7951832299966946,1,0.7980422960725075,0.3801530486299679
141,preprocess_v1_smote20,xgboost_baseline,fit,"{'C': 0.1, 'penalty': 'l2', 'random_state': 2020, 'solver': 'liblinear'}",,0.6685747185367881,0.6780841267577122,1.0,0.48283734203016715,0.44941030415890754
142,preprocess_v1_smote50,xgboost_baseline,fit,"{'C': 0.1, 'penalty': 'l2', 'random_state': 2020, 'solver': 'liblinear'}",,0.8068034503390507,0.7970202704376353,1.0,0.8137833259242349,0.38809766022380476
143,preprocess_v1_smoteTomek20,xgboost_baseline,fit,"{'C': 0.1, 'penalty': 'l2', 'random_state': 2020, 'solver': 'liblinear'}",,0.6842231239390629,0.6806637346906179,1.0,0.5128763148349655,0.4621260343730108
144,preprocess_v1_smoteTomek50,xgboost_baseline,fit,"{'C': 0.1, 'penalty': 'l2', 'random_state': 2020, 'solver': 'liblinear'}",,0.8089103191943545,0.7952646935475742,1.0,0.8155796311107879,0.3865717192268565
145,preprocess_v1,xgboost_baseline,fit,"{'C': 0.1, 'penalty': 'l2', 'random_state': 2020, 'solver': 'liblinear'}",,0.6198025416354294,0.6277054867356412,1,0.3774834437086093,0.39901071723000825
146,preprocess_v1_under50,xgboost_baseline,fit,"{'C': 0.1, 'penalty': 'l2', 'random_state': 2020, 'solver': 'liblinear'}",,0.7932512051419389,0.798132787082678,1,0.8008255933952528,0.3814432989690722
147,preprocess_v2_over50,xgboost_baseline,fit,"{'C': 0.1, 'penalty': 'l2', 'random_state': 2020, 'solver': 'liblinear'}",,0.7910226366174711,0.7956687015115705,1,0.7973160853533217,0.380458919319023
148,preprocess_v2_smote20,xgboost_baseline,fit,"{'C': 0.1, 'penalty': 'l2', 'random_state': 2020, 'solver': 'liblinear'}",,0.6682630786627163,0.6773126252915819,1.0,0.4821457687917822,0.44915782907049284
149,preprocess_v2_smote50,xgboost_baseline,fit,"{'C': 0.1, 'penalty': 'l2', 'random_state': 2020, 'solver': 'liblinear'}",,0.806815915436777,0.7965347989227594,1.0,0.813869139123751,0.3877862595419847
150,preprocess_v2_smoteTomek20,xgboost_baseline,fit,"{'C': 0.1, 'penalty': 'l2', 'random_state': 2020, 'solver': 'liblinear'}",,0.6837287839581419,0.6793070409278005,1.0,0.5120509322419281,0.46065259117082535
151,preprocess_v2_smoteTomek50,xgboost_baseline,fit,"{'C': 0.1, 'penalty': 'l2', 'random_state': 2020, 'solver': 'liblinear'}",,0.8095130465355735,0.7953276863326584,1.0,0.8162993460886412,0.38734371013013524
152,preprocess_v2,xgboost_baseline,fit,"{'C': 0.1, 'penalty': 'l2', 'random_state': 2020, 'solver': 'liblinear'}",,0.6192170626049952,0.6284402602050446,1,0.37582781456953646,0.4016528925619835
153,preprocess_v2_under50,xgboost_baseline,fit,"{'C': 0.1, 'penalty': 'l2', 'random_state': 2020, 'solver': 'liblinear'}",,0.7928494911622925,0.7970621232711149,1,0.8004128499548445,0.38064833005893906
154,preprocess_v1_over50,xgboost_baseline,fit,"{'C': 0.1, 'penalty': 'l2', 'random_state': 2020, 'solver': 'saga'}",,0.7916458915037894,0.7953826715603164,1,0.7979840707750693,0.38052878675562146
155,preprocess_v1_smote20,xgboost_baseline,fit,"{'C': 0.1, 'penalty': 'l2', 'random_state': 2020, 'solver': 'saga'}",,0.6684999248427017,0.6780342663668067,1.0,0.48267427639624944,0.44913151364764264
156,preprocess_v1_smote50,xgboost_baseline,fit,"{'C': 0.1, 'penalty': 'l2', 'random_state': 2020, 'solver': 'saga'}",,0.8066663342640605,0.7971199912194463,1.0,0.8136175735435492,0.388295165394402
157,preprocess_v1_smoteTomek20,xgboost_baseline,fit,"{'C': 0.1, 'penalty': 'l2', 'random_state': 2020, 'solver': 'saga'}",,0.6840707401091726,0.6806637346906179,1.0,0.5125600798041172,0.4621260343730108
158,preprocess_v1_smoteTomek50,xgboost_baseline,fit,"{'C': 0.1, 'penalty': 'l2', 'random_state': 2020, 'solver': 'saga'}",,0.8088475350963109,0.7954142747202907,1.0,0.8154854974970607,0.38686688724866375
159,preprocess_v1,xgboost_baseline,fit,"{'C': 0.1, 'penalty': 'l2', 'random_state': 2020, 'solver': 'saga'}",,0.6197776114399767,0.6277054867356412,1,0.37732726520479937,0.39901071723000825
160,preprocess_v1_under50,xgboost_baseline,fit,"{'C': 0.1, 'penalty': 'l2', 'random_state': 2020, 'solver': 'saga'}",,0.792447777182646,0.7981957798677621,1,0.7997416020671835,0.3821718788475745
161,preprocess_v2_over50,xgboost_baseline,fit,"{'C': 0.1, 'penalty': 'l2', 'random_state': 2020, 'solver': 'saga'}",,0.7910974272038293,0.7957684222933814,1,0.7973690255963823,0.38064675388792885
162,preprocess_v2_smote20,xgboost_baseline,fit,"{'C': 0.1, 'penalty': 'l2', 'random_state': 2020, 'solver': 'saga'}",,0.6679015752900107,0.6762419614800187,1.0,0.48136975132490833,0.44722048719550284
163,preprocess_v2_smote50,xgboost_baseline,fit,"{'C': 0.1, 'penalty': 'l2', 'random_state': 2020, 'solver': 'saga'}",,0.8067411248504187,0.7966843800954757,1.0,0.8137478676629587,0.38808250572956454
164,preprocess_v2_smoteTomek20,xgboost_baseline,fit,"{'C': 0.1, 'penalty': 'l2', 'random_state': 2020, 'solver': 'saga'}",,0.6837287839581419,0.6797925124426766,1.0,0.5120509322419281,0.4613418530351437
165,preprocess_v2_smoteTomek50,xgboost_baseline,fit,"{'C': 0.1, 'penalty': 'l2', 'random_state': 2020, 'solver': 'saga'}",,0.8093874783394862,0.7953775467235639,1.0,0.8161426287486073,0.3874425727411944
166,preprocess_v2,xgboost_baseline,fit,"{'C': 0.1, 'penalty': 'l2', 'random_state': 2020, 'solver': 'saga'}",,0.6194848719247595,0.6284402602050446,1,0.3764997931319818,0.4016528925619835
167,preprocess_v2_under50,xgboost_baseline,fit,"{'C': 0.1, 'penalty': 'l2', 'random_state': 2020, 'solver': 'saga'}",,0.7917782538832352,0.7970752556652936,1,0.7990696472412456,0.3812807881773399
168,preprocess_v1_over50,xgboost_baseline,fit,"{'C': 1, 'penalty': 'l1', 'random_state': 2020, 'solver': 'liblinear'}",,0.7913841244515357,0.7947974792636293,1,0.7975467544093098,0.38003459352606866
169,preprocess_v1_smote20,xgboost_baseline,fit,"{'C': 1, 'penalty': 'l1', 'random_state': 2020, 'solver': 'liblinear'}",,0.6742591418423826,0.6843821240569232,1.0,0.492658268474685,0.4560339599757428
170,preprocess_v1_smote50,xgboost_baseline,fit,"{'C': 1, 'penalty': 'l1', 'random_state': 2020, 'solver': 'liblinear'}",,0.8065167530913443,0.796448210535127,1.0,0.8133073536840586,0.38826530612244897
171,preprocess_v1_smoteTomek20,xgboost_baseline,fit,"{'C': 1, 'penalty': 'l1', 'random_state': 2020, 'solver': 'liblinear'}",,0.6895895098788635,0.6857546193997278,1.0,0.5212889404623762,0.46808510638297873
172,preprocess_v1_smoteTomek50,xgboost_baseline,fit,"{'C': 1, 'penalty': 'l1', 'random_state': 2020, 'solver': 'liblinear'}",,0.8088224214570934,0.7952778259417529,1.0,0.8152911060696132,0.3872448979591837
173,preprocess_v1,xgboost_baseline,fit,"{'C': 1, 'penalty': 'l1', 'random_state': 2020, 'solver': 'liblinear'}",,0.6282224781324663,0.6378138001604073,1,0.39556004036326947,0.4208835341365462
174,preprocess_v1_under50,xgboost_baseline,fit,"{'C': 1, 'penalty': 'l1', 'random_state': 2020, 'solver': 'liblinear'}",,0.7901713979646492,0.7990329433047851,1,0.7963083322500976,0.3856323272636568
175,preprocess_v2_over50,xgboost_baseline,fit,"{'C': 1, 'penalty': 'l1', 'random_state': 2020, 'solver': 'liblinear'}",,0.7912345432788193,0.7949470604363457,1,0.7974162957228565,0.38031651829871416
176,preprocess_v2_smote20,xgboost_baseline,fit,"{'C': 1, 'penalty': 'l1', 'random_state': 2020, 'solver': 'liblinear'}",,0.6732868176038034,0.6839963733238581,1.0,0.4907236366556903,0.45592705167173253
177,preprocess_v2_smote50,xgboost_baseline,fit,"{'C': 1, 'penalty': 'l1', 'random_state': 2020, 'solver': 'liblinear'}",,0.806579078579976,0.7963983501442216,1.0,0.8134415389239555,0.38816628411119614
178,preprocess_v2_smoteTomek20,xgboost_baseline,fit,"{'C': 1, 'penalty': 'l1', 'random_state': 2020, 'solver': 'liblinear'}",,0.6897086425297435,0.6837628729493179,1.0,0.5215991414005904,0.46511627906976744
179,preprocess_v2_smoteTomek50,xgboost_baseline,fit,"{'C': 1, 'penalty': 'l1', 'random_state': 2020, 'solver': 'liblinear'}",,0.8093749215198774,0.7947057660392444,1.0,0.8159678025481567,0.387410440122825
180,preprocess_v2,xgboost_baseline,fit,"{'C': 1, 'penalty': 'l1', 'random_state': 2020, 'solver': 'liblinear'}",,0.6284404270613252,0.6390839055355924,1,0.395887925821407,0.42477876106194695
181,preprocess_v2_under50,xgboost_baseline,fit,"{'C': 1, 'penalty': 'l1', 'random_state': 2020, 'solver': 'liblinear'}",,0.7896357793251205,0.7994186940378504,1,0.795788379045886,0.3857463244455519
182,preprocess_v1_over50,xgboost_baseline,fit,"{'C': 1, 'penalty': 'l1', 'random_state': 2020, 'solver': 'saga'}",,0.7913965895492621,0.7948473396545348,1,0.7975564023468215,0.3801285219970342
183,preprocess_v1_smote20,xgboost_baseline,fit,"{'C': 1, 'penalty': 'l1', 'random_state': 2020, 'solver': 'saga'}",,0.6742217434414752,0.6838467921511416,1.0,0.4926163723916533,0.45509708737864074
184,preprocess_v1_smote50,xgboost_baseline,fit,"{'C': 1, 'penalty': 'l1', 'random_state': 2020, 'solver': 'saga'}",,0.8064918228958915,0.796448210535127,1.0,0.8132832984532486,0.38826530612244897
185,preprocess_v1_smoteTomek20,xgboost_baseline,fit,"{'C': 1, 'penalty': 'l1', 'random_state': 2020, 'solver': 'saga'}",,0.68938004192746,0.6857546193997278,1.0,0.5208928571428572,0.46808510638297873
186,preprocess_v1_smoteTomek50,xgboost_baseline,fit,"{'C': 1, 'penalty': 'l1', 'random_state': 2020, 'solver': 'saga'}",,0.8088098646374846,0.7952778259417529,1.0,0.8152767330696625,0.3872448979591837
187,preprocess_v1,xgboost_baseline,fit,"{'C': 1, 'penalty': 'l1', 'random_state': 2020, 'solver': 'saga'}",,0.6280885734725842,0.6378138001604073,1,0.39523617278966494,0.4208835341365462
188,preprocess_v1_under50,xgboost_baseline,fit,"{'C': 1, 'penalty': 'l1', 'random_state': 2020, 'solver': 'saga'}",,0.7903053026245314,0.7995682752105667,1,0.7964118564742589,0.38603491271820456
189,preprocess_v2_over50,xgboost_baseline,fit,"{'C': 1, 'penalty': 'l1', 'random_state': 2020, 'solver': 'saga'}",,0.7912345432788193,0.7949470604363457,1,0.7974162957228565,0.38031651829871416
190,preprocess_v2_smote20,xgboost_baseline,fit,"{'C': 1, 'penalty': 'l1', 'random_state': 2020, 'solver': 'saga'}",,0.6733491462001634,0.6839963733238581,1.0,0.4908448442017347,0.45592705167173253
191,preprocess_v2_smote50,xgboost_baseline,fit,"{'C': 1, 'penalty': 'l1', 'random_state': 2020, 'solver': 'saga'}",,0.806579078579976,0.7963983501442216,1.0,0.8134415389239555,0.38816628411119614
192,preprocess_v2_smoteTomek20,xgboost_baseline,fit,"{'C': 1, 'penalty': 'l1', 'random_state': 2020, 'solver': 'saga'}",,0.6896769387595075,0.6837628729493179,1.0,0.5216068712534669,0.46511627906976744
193,preprocess_v2_smoteTomek50,xgboost_baseline,fit,"{'C': 1, 'penalty': 'l1', 'random_state': 2020, 'solver': 'saga'}",,0.8093623647002687,0.7946559056483389,1.0,0.8159534489028972,0.38731133282169355
194,preprocess_v2,xgboost_baseline,fit,"{'C': 1, 'penalty': 'l1', 'random_state': 2020, 'solver': 'saga'}",,0.6281850828392873,0.6385485736298109,1,0.39532069382815654,0.42351046698872785
195,preprocess_v2_under50,xgboost_baseline,fit,"{'C': 1, 'penalty': 'l1', 'random_state': 2020, 'solver': 'saga'}",,0.7899035886448849,0.7994186940378504,1,0.7960483556479918,0.3857463244455519
196,preprocess_v1_over50,xgboost_baseline,fit,"{'C': 1, 'penalty': 'l2', 'random_state': 2020, 'solver': 'liblinear'}",,0.7913841244515357,0.7947974792636293,1,0.7975467544093098,0.38003459352606866
197,preprocess_v1_smote20,xgboost_baseline,fit,"{'C': 1, 'penalty': 'l2', 'random_state': 2020, 'solver': 'liblinear'}",,0.6738851671564944,0.6838467921511416,1.0,0.4920086740020882,0.45509708737864074
198,preprocess_v1_smote50,xgboost_baseline,fit,"{'C': 1, 'penalty': 'l2', 'random_state': 2020, 'solver': 'liblinear'}",,0.8065541483845233,0.796448210535127,1.0,0.8133456815366296,0.38826530612244897
199,preprocess_v1_smoteTomek20,xgboost_baseline,fit,"{'C': 1, 'penalty': 'l2', 'random_state': 2020, 'solver': 'liblinear'}",,0.6891833125050113,0.6853190082757572,1.0,0.5205430510896748,0.4677115987460815
200,preprocess_v1_smoteTomek50,xgboost_baseline,fit,"{'C': 1, 'penalty': 'l2', 'random_state': 2020, 'solver': 'liblinear'}",,0.808885205555137,0.795178105159942,1.0,0.8153764040854945,0.38704742478327386
201,preprocess_v1,xgboost_baseline,fit,"{'C': 1, 'penalty': 'l2', 'random_state': 2020, 'solver': 'liblinear'}",,0.6277117896883905,0.6378636605513128,1,0.3944231157809658,0.42122186495176855
202,preprocess_v1_under50,xgboost_baseline,fit,"{'C': 1, 'penalty': 'l2', 'random_state': 2020, 'solver': 'liblinear'}",,0.7905731119442957,0.7993688336469449,1,0.7966718668746751,0.38565022421524664
203,preprocess_v2_over50,xgboost_baseline,fit,"{'C': 1, 'penalty': 'l2', 'random_state': 2020, 'solver': 'liblinear'}",,0.7909727762265657,0.7950467812181568,1,0.7971009232035041,0.38050470064324593
204,preprocess_v2_smote20,xgboost_baseline,fit,"{'C': 1, 'penalty': 'l2', 'random_state': 2020, 'solver': 'liblinear'}",,0.672750790432016,0.6829257095122949,1.0,0.4897106109324759,0.45404747413268415
205,preprocess_v2_smote50,xgboost_baseline,fit,"{'C': 1, 'penalty': 'l2', 'random_state': 2020, 'solver': 'liblinear'}",,0.8065416832867969,0.7963983501442216,1.0,0.8134211728498953,0.38816628411119614
206,preprocess_v2_smoteTomek20,xgboost_baseline,fit,"{'C': 1, 'penalty': 'l2', 'random_state': 2020, 'solver': 'liblinear'}",,0.6894926327495134,0.6838127333402234,1.0,0.5213032581453635,0.46540880503144655
207,preprocess_v2_smoteTomek50,xgboost_baseline,fit,"{'C': 1, 'penalty': 'l2', 'random_state': 2020, 'solver': 'liblinear'}",,0.8094125919787036,0.7946559056483389,1.0,0.8160153219550038,0.38731133282169355
208,preprocess_v2,xgboost_baseline,fit,"{'C': 1, 'penalty': 'l2', 'random_state': 2020, 'solver': 'liblinear'}",,0.6278207641528198,0.6380631021149347,1,0.39458804523424873,0.42258064516129035
209,preprocess_v2_under50,xgboost_baseline,fit,"{'C': 1, 'penalty': 'l2', 'random_state': 2020, 'solver': 'liblinear'}",,0.7899035886448849,0.7994685544287558,1,0.7961013645224172,0.38584247258225324
210,preprocess_v1_over50,xgboost_baseline,fit,"{'C': 1, 'penalty': 'l2', 'random_state': 2020, 'solver': 'saga'}",,0.7913965895492621,0.7947974792636293,1,0.7975564023468215,0.38003459352606866
211,preprocess_v1_smote20,xgboost_baseline,fit,"{'C': 1, 'penalty': 'l2', 'random_state': 2020, 'solver': 'saga'}",,0.6738851671564944,0.6838467921511416,1.0,0.4920086740020882,0.45509708737864074
212,preprocess_v1_smote50,xgboost_baseline,fit,"{'C': 1, 'penalty': 'l2', 'random_state': 2020, 'solver': 'saga'}",,0.8065541483845233,0.796448210535127,1.0,0.8133456815366296,0.38826530612244897
213,preprocess_v1_smoteTomek20,xgboost_baseline,fit,"{'C': 1, 'penalty': 'l2', 'random_state': 2020, 'solver': 'saga'}",,0.6891134898545435,0.6853190082757572,1.0,0.5204108977221974,0.4677115987460815
214,preprocess_v1_smoteTomek50,xgboost_baseline,fit,"{'C': 1, 'penalty': 'l2', 'random_state': 2020, 'solver': 'saga'}",,0.808885205555137,0.7952279655508474,1.0,0.8153719248871852,0.38714613618974747
215,preprocess_v1,xgboost_baseline,fit,"{'C': 1, 'penalty': 'l2', 'random_state': 2020, 'solver': 'saga'}",,0.6277117896883905,0.6378636605513128,1,0.3944231157809658,0.42122186495176855
216,preprocess_v1_under50,xgboost_baseline,fit,"{'C': 1, 'penalty': 'l2', 'random_state': 2020, 'solver': 'saga'}",,0.7907070166041779,0.7993688336469449,1,0.7967754518268106,0.38565022421524664
217,preprocess_v2_over50,xgboost_baseline,fit,"{'C': 1, 'penalty': 'l2', 'random_state': 2020, 'solver': 'saga'}",,0.7910475668129238,0.7948972000454403,1,0.7972078731203348,0.3802224969097652
218,preprocess_v2_smote20,xgboost_baseline,fit,"{'C': 1, 'penalty': 'l2', 'random_state': 2020, 'solver': 'saga'}",,0.672750790432016,0.6829257095122949,1.0,0.4897106109324759,0.45404747413268415
219,preprocess_v2_smote50,xgboost_baseline,fit,"{'C': 1, 'penalty': 'l2', 'random_state': 2020, 'solver': 'saga'}",,0.8065541483845233,0.7963983501442216,1.0,0.8134309517798536,0.38816628411119614
220,preprocess_v2_smoteTomek20,xgboost_baseline,fit,"{'C': 1, 'penalty': 'l2', 'random_state': 2020, 'solver': 'saga'}",,0.6893527726096533,0.6838127333402234,1.0,0.5210384959713519,0.46540880503144655
221,preprocess_v2_smoteTomek50,xgboost_baseline,fit,"{'C': 1, 'penalty': 'l2', 'random_state': 2020, 'solver': 'saga'}",,0.8094125919787036,0.7946559056483389,1.0,0.8160153219550038,0.38731133282169355
222,preprocess_v2,xgboost_baseline,fit,"{'C': 1, 'penalty': 'l2', 'random_state': 2020, 'solver': 'saga'}",,0.6276868594929377,0.6380631021149347,1,0.3942637850939204,0.42258064516129035
223,preprocess_v2_under50,xgboost_baseline,fit,"{'C': 1, 'penalty': 'l2', 'random_state': 2020, 'solver': 'saga'}",,0.7897696839850027,0.7994685544287558,1,0.795944892123733,0.38584247258225324
224,preprocess_v1_over50,xgboost_baseline,fit,"{'C': 10, 'penalty': 'l1', 'random_state': 2020, 'solver': 'liblinear'}",,0.7912844036697246,0.7948473396545348,1,0.797435277038471,0.3801285219970342
225,preprocess_v1_smote20,xgboost_baseline,fit,"{'C': 10, 'penalty': 'l1', 'random_state': 2020, 'solver': 'liblinear'}",,0.6745333895310036,0.6849174559627048,1.0,0.49314409429877315,0.456969696969697
226,preprocess_v1_smote50,xgboost_baseline,fit,"{'C': 10, 'penalty': 'l1', 'random_state': 2020, 'solver': 'liblinear'}",,0.806504287993618,0.7964980709260324,1.0,0.8132930804296316,0.3883643786680276
227,preprocess_v1_smoteTomek20,xgboost_baseline,fit,"{'C': 10, 'penalty': 'l1', 'random_state': 2020, 'solver': 'liblinear'}",,0.689595639884558,0.6862899513055094,1.0,0.5211883308056027,0.4690431519699812
228,preprocess_v1_smoteTomek50,xgboost_baseline,fit,"{'C': 10, 'penalty': 'l1', 'random_state': 2020, 'solver': 'liblinear'}",,0.8087973078178758,0.7952778259417529,1.0,0.8152623597209584,0.3872448979591837
229,preprocess_v1,xgboost_baseline,fit,"{'C': 10, 'penalty': 'l1', 'random_state': 2020, 'solver': 'liblinear'}",,0.6284528921590516,0.6377639397695019,1,0.39596774193548384,0.42054574638844305
230,preprocess_v1_under50,xgboost_baseline,fit,"{'C': 10, 'penalty': 'l1', 'random_state': 2020, 'solver': 'liblinear'}",,0.79084092126406,0.7987469133535308,1,0.7968262226847035,0.38571071696227827
231,preprocess_v2_over50,xgboost_baseline,fit,"{'C': 10, 'penalty': 'l1', 'random_state': 2020, 'solver': 'liblinear'}",,0.7913217989629039,0.7949969208272512,1,0.7974838202383113,0.38041058619836754
232,preprocess_v2_smote20,xgboost_baseline,fit,"{'C': 10, 'penalty': 'l1', 'random_state': 2020, 'solver': 'liblinear'}",,0.6737729843846854,0.6839465129329526,1.0,0.4915770896839403,0.45565006075334147
233,preprocess_v2_smote50,xgboost_baseline,fit,"{'C': 10, 'penalty': 'l1', 'random_state': 2020, 'solver': 'liblinear'}",,0.8065666134822498,0.7963983501442216,1.0,0.8134317591612965,0.38816628411119614
234,preprocess_v2_smoteTomek20,xgboost_baseline,fit,"{'C': 10, 'penalty': 'l1', 'random_state': 2020, 'solver': 'liblinear'}",,0.6897465658704192,0.684248344464194,1.0,0.52149048342418,0.46578782172002514
235,preprocess_v2_smoteTomek50,xgboost_baseline,fit,"{'C': 10, 'penalty': 'l1', 'random_state': 2020, 'solver': 'liblinear'}",,0.8093623647002688,0.7947057660392444,1.0,0.8159579110701645,0.387410440122825
236,preprocess_v2,xgboost_baseline,fit,"{'C': 10, 'penalty': 'l1', 'random_state': 2020, 'solver': 'liblinear'}",,0.6289760457008539,0.6405403200802208,1,0.3971802618328298,0.42754203362690146
237,preprocess_v2_under50,xgboost_baseline,fit,"{'C': 10, 'penalty': 'l1', 'random_state': 2020, 'solver': 'liblinear'}",,0.790037493304767,0.7993819660411235,1,0.7960457856399584,0.38630684657671166
238,preprocess_v1_over50,xgboost_baseline,fit,"{'C': 10, 'penalty': 'l1', 'random_state': 2020, 'solver': 'saga'}",,0.7913342640606302,0.7948473396545348,1,0.7974885679030268,0.3801285219970342
239,preprocess_v1_smote20,xgboost_baseline,fit,"{'C': 10, 'penalty': 'l1', 'random_state': 2020, 'solver': 'saga'}",,0.6744835260323698,0.6849174559627048,1.0,0.4930627957334188,0.456969696969697
240,preprocess_v1_smote50,xgboost_baseline,fit,"{'C': 10, 'penalty': 'l1', 'random_state': 2020, 'solver': 'saga'}",,0.8065292181890706,0.7964980709260324,1.0,0.8133081540108497,0.3883643786680276
241,preprocess_v1_smoteTomek20,xgboost_baseline,fit,"{'C': 10, 'penalty': 'l1', 'random_state': 2020, 'solver': 'saga'}",,0.6896083784135126,0.6862899513055094,1.0,0.5212348322626695,0.4690431519699812
242,preprocess_v1_smoteTomek50,xgboost_baseline,fit,"{'C': 10, 'penalty': 'l1', 'random_state': 2020, 'solver': 'saga'}",,0.8087721941786584,0.7952778259417529,1.0,0.8152336119772394,0.3872448979591837
243,preprocess_v1,xgboost_baseline,fit,"{'C': 10, 'penalty': 'l1', 'random_state': 2020, 'solver': 'saga'}",,0.6284528921590516,0.6377639397695019,1,0.39596774193548384,0.42054574638844305
244,preprocess_v1_under50,xgboost_baseline,fit,"{'C': 10, 'penalty': 'l1', 'random_state': 2020, 'solver': 'saga'}",,0.79084092126406,0.7986970529626255,1,0.7968262226847035,0.38561438561438566
245,preprocess_v2_over50,xgboost_baseline,fit,"{'C': 10, 'penalty': 'l1', 'random_state': 2020, 'solver': 'saga'}",,0.7911846828879139,0.7949470604363457,1,0.7973483015581149,0.38031651829871416
246,preprocess_v2_smote20,xgboost_baseline,fit,"{'C': 10, 'penalty': 'l1', 'random_state': 2020, 'solver': 'saga'}",,0.673735585983778,0.6839465129329526,1.0,0.49153494343256043,0.45565006075334147
247,preprocess_v2_smote50,xgboost_baseline,fit,"{'C': 10, 'penalty': 'l1', 'random_state': 2020, 'solver': 'saga'}",,0.8065541483845233,0.7963983501442216,1.0,0.8134130066247459,0.38816628411119614
248,preprocess_v2_smoteTomek20,xgboost_baseline,fit,"{'C': 10, 'penalty': 'l1', 'random_state': 2020, 'solver': 'saga'}",,0.6897720500702152,0.684248344464194,1.0,0.5215836982750915,0.46578782172002514
249,preprocess_v2_smoteTomek50,xgboost_baseline,fit,"{'C': 10, 'penalty': 'l1', 'random_state': 2020, 'solver': 'saga'}",,0.8093623647002688,0.7947057660392444,1.0,0.8159579110701645,0.387410440122825
250,preprocess_v2,xgboost_baseline,fit,"{'C': 10, 'penalty': 'l1', 'random_state': 2020, 'solver': 'saga'}",,0.6289760457008539,0.6400548485653446,1,0.3971802618328298,0.4266238973536487
251,preprocess_v2_under50,xgboost_baseline,fit,"{'C': 10, 'penalty': 'l1', 'random_state': 2020, 'solver': 'saga'}",,0.7900374933047671,0.7993321056502181,1,0.7960988296488947,0.3862103422433175
252,preprocess_v1_over50,xgboost_baseline,fit,"{'C': 10, 'penalty': 'l2', 'random_state': 2020, 'solver': 'liblinear'}",,0.7913467291583566,0.7948473396545348,1,0.797498215603489,0.3801285219970342
253,preprocess_v1_smote20,xgboost_baseline,fit,"{'C': 10, 'penalty': 'l2', 'random_state': 2020, 'solver': 'liblinear'}",,0.6744835260323698,0.6849174559627048,1.0,0.4930627957334188,0.456969696969697
254,preprocess_v1_smote50,xgboost_baseline,fit,"{'C': 10, 'penalty': 'l2', 'random_state': 2020, 'solver': 'liblinear'}",,0.8065292181890705,0.7964980709260324,1.0,0.8133126450883461,0.3883643786680276
255,preprocess_v1_smoteTomek20,xgboost_baseline,fit,"{'C': 10, 'penalty': 'l2', 'random_state': 2020, 'solver': 'liblinear'}",,0.689595639884558,0.6862899513055094,1.0,0.5211883308056027,0.4690431519699812
256,preprocess_v1_smoteTomek50,xgboost_baseline,fit,"{'C': 10, 'penalty': 'l2', 'random_state': 2020, 'solver': 'liblinear'}",,0.8087847509982673,0.7952778259417529,1.0,0.8152479860234884,0.3872448979591837
257,preprocess_v1,xgboost_baseline,fit,"{'C': 10, 'penalty': 'l2', 'random_state': 2020, 'solver': 'liblinear'}",,0.6284528921590516,0.6377639397695019,1,0.39596774193548384,0.42054574638844305
258,preprocess_v1_under50,xgboost_baseline,fit,"{'C': 10, 'penalty': 'l2', 'random_state': 2020, 'solver': 'liblinear'}",,0.7909748259239422,0.7986970529626255,1,0.7969827025621018,0.38561438561438566
259,preprocess_v2_over50,xgboost_baseline,fit,"{'C': 10, 'penalty': 'l2', 'random_state': 2020, 'solver': 'liblinear'}",,0.7911846828879138,0.7951465019999676,1,0.7973188791559793,0.3806930693069307
260,preprocess_v2_smote20,xgboost_baseline,fit,"{'C': 10, 'penalty': 'l2', 'random_state': 2020, 'solver': 'liblinear'}",,0.673735585983778,0.6839465129329526,1.0,0.49153494343256043,0.45565006075334147
261,preprocess_v2_smote50,xgboost_baseline,fit,"{'C': 10, 'penalty': 'l2', 'random_state': 2020, 'solver': 'liblinear'}",,0.8065666134822496,0.7963983501442216,1.0,0.8134227865146925,0.38816628411119614
262,preprocess_v2_smoteTomek20,xgboost_baseline,fit,"{'C': 10, 'penalty': 'l2', 'random_state': 2020, 'solver': 'liblinear'}",,0.6897593079703171,0.684248344464194,1.0,0.5215370866845397,0.46578782172002514
263,preprocess_v2_smoteTomek50,xgboost_baseline,fit,"{'C': 10, 'penalty': 'l2', 'random_state': 2020, 'solver': 'liblinear'}",,0.8093749215198774,0.7947057660392444,1.0,0.8159722643133357,0.387410440122825
264,preprocess_v2,xgboost_baseline,fit,"{'C': 10, 'penalty': 'l2', 'random_state': 2020, 'solver': 'liblinear'}",,0.6289760457008539,0.6400548485653446,1,0.3971802618328298,0.4266238973536487
265,preprocess_v2_under50,xgboost_baseline,fit,"{'C': 10, 'penalty': 'l2', 'random_state': 2020, 'solver': 'liblinear'}",,0.7899035886448849,0.7993819660411235,1,0.7958891635228308,0.38630684657671166
266,preprocess_v1_over50,xgboost_baseline,fit,"{'C': 10, 'penalty': 'l2', 'random_state': 2020, 'solver': 'saga'}",,0.7913093338651774,0.7948473396545348,1,0.7974545718502747,0.3801285219970342
267,preprocess_v1_smote20,xgboost_baseline,fit,"{'C': 10, 'penalty': 'l2', 'random_state': 2020, 'solver': 'saga'}",,0.6744835260323698,0.6849174559627048,1.0,0.4930627957334188,0.456969696969697
268,preprocess_v1_smote50,xgboost_baseline,fit,"{'C': 10, 'penalty': 'l2', 'random_state': 2020, 'solver': 'saga'}",,0.8065167530913442,0.7964980709260324,1.0,0.813302862641328,0.3883643786680276
269,preprocess_v1_smoteTomek20,xgboost_baseline,fit,"{'C': 10, 'penalty': 'l2', 'random_state': 2020, 'solver': 'saga'}",,0.6896083784135126,0.6862899513055094,1.0,0.5212348322626695,0.4690431519699812
270,preprocess_v1_smoteTomek50,xgboost_baseline,fit,"{'C': 10, 'penalty': 'l2', 'random_state': 2020, 'solver': 'saga'}",,0.8087847509982673,0.7952778259417529,1.0,0.8152479860234884,0.3872448979591837
271,preprocess_v1,xgboost_baseline,fit,"{'C': 10, 'penalty': 'l2', 'random_state': 2020, 'solver': 'saga'}",,0.6284528921590516,0.6377639397695019,1,0.39596774193548384,0.42054574638844305
272,preprocess_v1_under50,xgboost_baseline,fit,"{'C': 10, 'penalty': 'l2', 'random_state': 2020, 'solver': 'saga'}",,0.7909748259239422,0.799232384868407,1,0.7969827025621018,0.38601747815230963
273,preprocess_v2_over50,xgboost_baseline,fit,"{'C': 10, 'penalty': 'l2', 'random_state': 2020, 'solver': 'saga'}",,0.7911971479856402,0.7949969208272512,1,0.7973579473283089,0.38041058619836754
274,preprocess_v2_smote20,xgboost_baseline,fit,"{'C': 10, 'penalty': 'l2', 'random_state': 2020, 'solver': 'saga'}",,0.673673257387418,0.6839465129329526,1.0,0.4914138982506821,0.45565006075334147
275,preprocess_v2_smote50,xgboost_baseline,fit,"{'C': 10, 'penalty': 'l2', 'random_state': 2020, 'solver': 'saga'}",,0.806541683286797,0.7963983501442216,1.0,0.8134032269699665,0.38816628411119614
276,preprocess_v2_smoteTomek20,xgboost_baseline,fit,"{'C': 10, 'penalty': 'l2', 'random_state': 2020, 'solver': 'saga'}",,0.6897148621001833,0.684248344464194,1.0,0.5214981675158666,0.46578782172002514
277,preprocess_v2_smoteTomek50,xgboost_baseline,fit,"{'C': 10, 'penalty': 'l2', 'random_state': 2020, 'solver': 'saga'}",,0.8093749215198774,0.7947057660392444,1.0,0.8159722643133357,0.387410440122825
278,preprocess_v2,xgboost_baseline,fit,"{'C': 10, 'penalty': 'l2', 'random_state': 2020, 'solver': 'saga'}",,0.628854606138698,0.6400548485653446,1,0.39693733628853517,0.4266238973536487
279,preprocess_v2_under50,xgboost_baseline,fit,"{'C': 10, 'penalty': 'l2', 'random_state': 2020, 'solver': 'saga'}",,0.790037493304767,0.7993321056502181,1,0.7960457856399584,0.3862103422433175
280,preprocess_v1_over50,xgboost_baseline,fit,"{'C': 100, 'penalty': 'l1', 'random_state': 2020, 'solver': 'liblinear'}",,0.7912844036697246,0.7948473396545348,1,0.797435277038471,0.3801285219970342
281,preprocess_v1_smote20,xgboost_baseline,fit,"{'C': 100, 'penalty': 'l1', 'random_state': 2020, 'solver': 'liblinear'}",,0.6745084593355508,0.6854527878684864,1.0,0.4930650204441594,0.45790430042398544
282,preprocess_v1_smote50,xgboost_baseline,fit,"{'C': 100, 'penalty': 'l1', 'random_state': 2020, 'solver': 'liblinear'}",,0.8065167530913442,0.7964980709260324,1.0,0.813302862641328,0.3883643786680276
283,preprocess_v1_smoteTomek20,xgboost_baseline,fit,"{'C': 100, 'penalty': 'l1', 'random_state': 2020, 'solver': 'liblinear'}",,0.6895701628266486,0.6862899513055094,1.0,0.521095352778521,0.4690431519699812
284,preprocess_v1_smoteTomek50,xgboost_baseline,fit,"{'C': 100, 'penalty': 'l1', 'random_state': 2020, 'solver': 'liblinear'}",,0.8087973078178758,0.7952778259417529,1.0,0.8152623597209584,0.3872448979591837
285,preprocess_v1,xgboost_baseline,fit,"{'C': 100, 'penalty': 'l1', 'random_state': 2020, 'solver': 'liblinear'}",,0.6284528921590516,0.6377639397695019,1,0.39596774193548384,0.42054574638844305
286,preprocess_v1_under50,xgboost_baseline,fit,"{'C': 100, 'penalty': 'l1', 'random_state': 2020, 'solver': 'liblinear'}",,0.7909748259239422,0.7987967737444364,1,0.7969827025621018,0.3858070964517741
287,preprocess_v2_over50,xgboost_baseline,fit,"{'C': 100, 'penalty': 'l1', 'random_state': 2020, 'solver': 'liblinear'}",,0.7911971479856402,0.7949969208272512,1,0.7973579473283089,0.38041058619836754
288,preprocess_v2_smote20,xgboost_baseline,fit,"{'C': 100, 'penalty': 'l1', 'random_state': 2020, 'solver': 'liblinear'}",,0.6738353129810452,0.6839465129329526,1.0,0.49169808293895884,0.45565006075334147
289,preprocess_v2_smote50,xgboost_baseline,fit,"{'C': 100, 'penalty': 'l1', 'random_state': 2020, 'solver': 'liblinear'}",,0.8065541483845233,0.7963983501442216,1.0,0.8134130066247459,0.38816628411119614
290,preprocess_v2_smoteTomek20,xgboost_baseline,fit,"{'C': 100, 'penalty': 'l1', 'random_state': 2020, 'solver': 'liblinear'}",,0.6897465658704192,0.684248344464194,1.0,0.52149048342418,0.46578782172002514
291,preprocess_v2_smoteTomek50,xgboost_baseline,fit,"{'C': 100, 'penalty': 'l1', 'random_state': 2020, 'solver': 'liblinear'}",,0.8093749215198774,0.7947057660392444,1.0,0.8159722643133357,0.387410440122825
292,preprocess_v2,xgboost_baseline,fit,"{'C': 100, 'penalty': 'l1', 'random_state': 2020, 'solver': 'liblinear'}",,0.6289760457008539,0.6405403200802208,1,0.3971802618328298,0.42754203362690146
293,preprocess_v2_under50,xgboost_baseline,fit,"{'C': 100, 'penalty': 'l1', 'random_state': 2020, 'solver': 'liblinear'}",,0.7899035886448849,0.7986970529626255,1,0.7958891635228308,0.38561438561438566
294,preprocess_v1_over50,xgboost_baseline,fit,"{'C': 100, 'penalty': 'l1', 'random_state': 2020, 'solver': 'saga'}",,0.7913342640606302,0.7948473396545348,1,0.7974885679030268,0.3801285219970342
295,preprocess_v1_smote20,xgboost_baseline,fit,"{'C': 100, 'penalty': 'l1', 'random_state': 2020, 'solver': 'saga'}",,0.6745084593355508,0.6849174559627048,1.0,0.4930650204441594,0.456969696969697
296,preprocess_v1_smote50,xgboost_baseline,fit,"{'C': 100, 'penalty': 'l1', 'random_state': 2020, 'solver': 'saga'}",,0.8065167530913442,0.7964980709260324,1.0,0.8132938799076213,0.3883643786680276
297,preprocess_v1_smoteTomek20,xgboost_baseline,fit,"{'C': 100, 'penalty': 'l1', 'random_state': 2020, 'solver': 'saga'}",,0.689595639884558,0.6862899513055094,1.0,0.5211883308056027,0.4690431519699812
298,preprocess_v1_smoteTomek50,xgboost_baseline,fit,"{'C': 100, 'penalty': 'l1', 'random_state': 2020, 'solver': 'saga'}",,0.8087596373590498,0.7952778259417529,1.0,0.815223721246239,0.3872448979591837
299,preprocess_v1,xgboost_baseline,fit,"{'C': 100, 'penalty': 'l1', 'random_state': 2020, 'solver': 'saga'}",,0.6284528921590516,0.6377639397695019,1,0.39596774193548384,0.42054574638844305
300,preprocess_v1_under50,xgboost_baseline,fit,"{'C': 100, 'penalty': 'l1', 'random_state': 2020, 'solver': 'saga'}",,0.7909748259239422,0.7986970529626255,1,0.7969827025621018,0.38561438561438566
301,preprocess_v2_over50,xgboost_baseline,fit,"{'C': 100, 'penalty': 'l1', 'random_state': 2020, 'solver': 'saga'}",,0.7911971479856402,0.7949470604363457,1,0.7973579473283089,0.38031651829871416
302,preprocess_v2_smote20,xgboost_baseline,fit,"{'C': 100, 'penalty': 'l1', 'random_state': 2020, 'solver': 'saga'}",,0.6737854494824117,0.6839465129329526,1.0,0.491616526273566,0.45565006075334147
303,preprocess_v2_smote50,xgboost_baseline,fit,"{'C': 100, 'penalty': 'l1', 'random_state': 2020, 'solver': 'saga'}",,0.8065541483845233,0.7963983501442216,1.0,0.8134130066247459,0.38816628411119614
304,preprocess_v2_smoteTomek20,xgboost_baseline,fit,"{'C': 100, 'penalty': 'l1', 'random_state': 2020, 'solver': 'saga'}",,0.6897593079703171,0.684248344464194,1.0,0.5215370866845397,0.46578782172002514
305,preprocess_v2_smoteTomek50,xgboost_baseline,fit,"{'C': 100, 'penalty': 'l1', 'random_state': 2020, 'solver': 'saga'}",,0.8093623647002688,0.7947057660392444,1.0,0.8159579110701645,0.387410440122825
306,preprocess_v2,xgboost_baseline,fit,"{'C': 100, 'penalty': 'l1', 'random_state': 2020, 'solver': 'saga'}",,0.6289760457008539,0.6405403200802208,1,0.3971802618328298,0.42754203362690146
307,preprocess_v2_under50,xgboost_baseline,fit,"{'C': 100, 'penalty': 'l1', 'random_state': 2020, 'solver': 'saga'}",,0.790037493304767,0.7993819660411235,1,0.7960457856399584,0.38630684657671166
308,preprocess_v1_over50,xgboost_baseline,fit,"{'C': 100, 'penalty': 'l2', 'random_state': 2020, 'solver': 'liblinear'}",,0.791222078181093,0.7948473396545348,1,0.7973527241049715,0.3801285219970342
309,preprocess_v1_smote20,xgboost_baseline,fit,"{'C': 100, 'penalty': 'l2', 'random_state': 2020, 'solver': 'liblinear'}",,0.6745084593355508,0.6854527878684864,1.0,0.4930650204441594,0.45790430042398544
310,preprocess_v1_smote50,xgboost_baseline,fit,"{'C': 100, 'penalty': 'l2', 'random_state': 2020, 'solver': 'liblinear'}",,0.8065167530913442,0.7964980709260324,1.0,0.8132938799076213,0.3883643786680276
311,preprocess_v1_smoteTomek20,xgboost_baseline,fit,"{'C': 100, 'penalty': 'l2', 'random_state': 2020, 'solver': 'liblinear'}",,0.6895701628266486,0.6862899513055094,1.0,0.521095352778521,0.4690431519699812
312,preprocess_v1_smoteTomek50,xgboost_baseline,fit,"{'C': 100, 'penalty': 'l2', 'random_state': 2020, 'solver': 'liblinear'}",,0.8087596373590498,0.7952778259417529,1.0,0.815223721246239,0.3872448979591837
313,preprocess_v1,xgboost_baseline,fit,"{'C': 100, 'penalty': 'l2', 'random_state': 2020, 'solver': 'liblinear'}",,0.6284528921590516,0.6377639397695019,1,0.39596774193548384,0.42054574638844305
314,preprocess_v1_under50,xgboost_baseline,fit,"{'C': 100, 'penalty': 'l2', 'random_state': 2020, 'solver': 'liblinear'}",,0.7909748259239422,0.7987967737444364,1,0.7969827025621018,0.3858070964517741
315,preprocess_v2_over50,xgboost_baseline,fit,"{'C': 100, 'penalty': 'l2', 'random_state': 2020, 'solver': 'liblinear'}",,0.7911846828879138,0.7951465019999676,1,0.7973188791559793,0.3806930693069307
316,preprocess_v2_smote20,xgboost_baseline,fit,"{'C': 100, 'penalty': 'l2', 'random_state': 2020, 'solver': 'liblinear'}",,0.6738353129810452,0.6839465129329526,1.0,0.49169808293895884,0.45565006075334147
317,preprocess_v2_smote50,xgboost_baseline,fit,"{'C': 100, 'penalty': 'l2', 'random_state': 2020, 'solver': 'liblinear'}",,0.8065541483845233,0.7963983501442216,1.0,0.8134085197965638,0.38816628411119614
318,preprocess_v2_smoteTomek20,xgboost_baseline,fit,"{'C': 100, 'penalty': 'l2', 'random_state': 2020, 'solver': 'liblinear'}",,0.6898164959403491,0.684248344464194,1.0,0.5216225875625446,0.46578782172002514
319,preprocess_v2_smoteTomek50,xgboost_baseline,fit,"{'C': 100, 'penalty': 'l2', 'random_state': 2020, 'solver': 'liblinear'}",,0.8093623647002688,0.7947057660392444,1.0,0.8159579110701645,0.387410440122825
320,preprocess_v2,xgboost_baseline,fit,"{'C': 100, 'penalty': 'l2', 'random_state': 2020, 'solver': 'liblinear'}",,0.6289760457008539,0.6405403200802208,1,0.3971802618328298,0.42754203362690146
321,preprocess_v2_under50,xgboost_baseline,fit,"{'C': 100, 'penalty': 'l2', 'random_state': 2020, 'solver': 'liblinear'}",,0.7897696839850027,0.7993321056502181,1,0.7957325006505335,0.3862103422433175
322,preprocess_v1_over50,xgboost_baseline,fit,"{'C': 100, 'penalty': 'l2', 'random_state': 2020, 'solver': 'saga'}",,0.7913093338651774,0.7948473396545348,1,0.7974545718502747,0.3801285219970342
323,preprocess_v1_smote20,xgboost_baseline,fit,"{'C': 100, 'penalty': 'l2', 'random_state': 2020, 'solver': 'saga'}",,0.6744461307391908,0.6849174559627048,1.0,0.49294419499679293,0.456969696969697
324,preprocess_v1_smote50,xgboost_baseline,fit,"{'C': 100, 'penalty': 'l2', 'random_state': 2020, 'solver': 'saga'}",,0.8065292181890706,0.7964980709260324,1.0,0.8133081540108497,0.3883643786680276
325,preprocess_v1_smoteTomek20,xgboost_baseline,fit,"{'C': 100, 'penalty': 'l2', 'random_state': 2020, 'solver': 'saga'}",,0.689595639884558,0.6862899513055094,1.0,0.5211883308056027,0.4690431519699812
326,preprocess_v1_smoteTomek50,xgboost_baseline,fit,"{'C': 100, 'penalty': 'l2', 'random_state': 2020, 'solver': 'saga'}",,0.8087596373590498,0.7952778259417529,1.0,0.815223721246239,0.3872448979591837
327,preprocess_v1,xgboost_baseline,fit,"{'C': 100, 'penalty': 'l2', 'random_state': 2020, 'solver': 'saga'}",,0.6284528921590516,0.6377639397695019,1,0.39596774193548384,0.42054574638844305
328,preprocess_v1_under50,xgboost_baseline,fit,"{'C': 100, 'penalty': 'l2', 'random_state': 2020, 'solver': 'saga'}",,0.7909748259239422,0.799232384868407,1,0.7969827025621018,0.38601747815230963
329,preprocess_v2_over50,xgboost_baseline,fit,"{'C': 100, 'penalty': 'l2', 'random_state': 2020, 'solver': 'saga'}",,0.7912096130833666,0.7949470604363457,1,0.7973675933318817,0.38031651829871416
330,preprocess_v2_smote20,xgboost_baseline,fit,"{'C': 100, 'penalty': 'l2', 'random_state': 2020, 'solver': 'saga'}",,0.6737979145801379,0.6839465129329526,1.0,0.49165596919127086,0.45565006075334147
331,preprocess_v2_smote50,xgboost_baseline,fit,"{'C': 100, 'penalty': 'l2', 'random_state': 2020, 'solver': 'saga'}",,0.8065666134822496,0.7963983501442216,1.0,0.8134227865146925,0.38816628411119614
332,preprocess_v2_smoteTomek20,xgboost_baseline,fit,"{'C': 100, 'penalty': 'l2', 'random_state': 2020, 'solver': 'saga'}",,0.6897593079703171,0.684248344464194,1.0,0.5215370866845397,0.46578782172002514
333,preprocess_v2_smoteTomek50,xgboost_baseline,fit,"{'C': 100, 'penalty': 'l2', 'random_state': 2020, 'solver': 'saga'}",,0.8093623647002688,0.7947057660392444,1.0,0.8159579110701645,0.387410440122825
334,preprocess_v2,xgboost_baseline,fit,"{'C': 100, 'penalty': 'l2', 'random_state': 2020, 'solver': 'saga'}",,0.6289760457008539,0.6405403200802208,1,0.3971802618328298,0.42754203362690146
335,preprocess_v2_under50,xgboost_baseline,fit,"{'C': 100, 'penalty': 'l2', 'random_state': 2020, 'solver': 'saga'}",,0.790037493304767,0.7993819660411235,1,0.7960457856399584,0.38630684657671166
336,preprocess_v1_over50,xgboost_baseline,fit,"{'C': 1000, 'penalty': 'l1', 'random_state': 2020, 'solver': 'liblinear'}",,0.7912968687674512,0.7948473396545348,1,0.7974449243276593,0.3801285219970342
337,preprocess_v1_smote20,xgboost_baseline,fit,"{'C': 1000, 'penalty': 'l1', 'random_state': 2020, 'solver': 'liblinear'}",,0.6745084593355508,0.6854527878684864,1.0,0.4930650204441594,0.45790430042398544
338,preprocess_v1_smote50,xgboost_baseline,fit,"{'C': 1000, 'penalty': 'l1', 'random_state': 2020, 'solver': 'liblinear'}",,0.8065167530913442,0.7964980709260324,1.0,0.813302862641328,0.3883643786680276
339,preprocess_v1_smoteTomek20,xgboost_baseline,fit,"{'C': 1000, 'penalty': 'l1', 'random_state': 2020, 'solver': 'liblinear'}",,0.6895701628266486,0.6862899513055094,1.0,0.521095352778521,0.4690431519699812
340,preprocess_v1_smoteTomek50,xgboost_baseline,fit,"{'C': 1000, 'penalty': 'l1', 'random_state': 2020, 'solver': 'liblinear'}",,0.8087973078178758,0.7952778259417529,1.0,0.8152623597209584,0.3872448979591837
341,preprocess_v1,xgboost_baseline,fit,"{'C': 1000, 'penalty': 'l1', 'random_state': 2020, 'solver': 'liblinear'}",,0.6284528921590516,0.6377639397695019,1,0.39596774193548384,0.42054574638844305
342,preprocess_v1_under50,xgboost_baseline,fit,"{'C': 1000, 'penalty': 'l1', 'random_state': 2020, 'solver': 'liblinear'}",,0.7909748259239422,0.7987967737444364,1,0.7969827025621018,0.3858070964517741
343,preprocess_v2_over50,xgboost_baseline,fit,"{'C': 1000, 'penalty': 'l1', 'random_state': 2020, 'solver': 'liblinear'}",,0.7911971479856402,0.7949969208272512,1,0.7973579473283089,0.38041058619836754
344,preprocess_v2_smote20,xgboost_baseline,fit,"{'C': 1000, 'penalty': 'l1', 'random_state': 2020, 'solver': 'liblinear'}",,0.6738353129810452,0.6839465129329526,1.0,0.49169808293895884,0.45565006075334147
345,preprocess_v2_smote50,xgboost_baseline,fit,"{'C': 1000, 'penalty': 'l1', 'random_state': 2020, 'solver': 'liblinear'}",,0.8065541483845233,0.7963983501442216,1.0,0.8134130066247459,0.38816628411119614
346,preprocess_v2_smoteTomek20,xgboost_baseline,fit,"{'C': 1000, 'penalty': 'l1', 'random_state': 2020, 'solver': 'liblinear'}",,0.6897465658704192,0.684248344464194,1.0,0.52149048342418,0.46578782172002514
347,preprocess_v2_smoteTomek50,xgboost_baseline,fit,"{'C': 1000, 'penalty': 'l1', 'random_state': 2020, 'solver': 'liblinear'}",,0.8093749215198774,0.7947057660392444,1.0,0.8159722643133357,0.387410440122825
348,preprocess_v2,xgboost_baseline,fit,"{'C': 1000, 'penalty': 'l1', 'random_state': 2020, 'solver': 'liblinear'}",,0.6289760457008539,0.6405403200802208,1,0.3971802618328298,0.42754203362690146
349,preprocess_v2_under50,xgboost_baseline,fit,"{'C': 1000, 'penalty': 'l1', 'random_state': 2020, 'solver': 'liblinear'}",,0.7899035886448849,0.7986970529626255,1,0.7958891635228308,0.38561438561438566
350,preprocess_v1_over50,xgboost_baseline,fit,"{'C': 1000, 'penalty': 'l1', 'random_state': 2020, 'solver': 'saga'}",,0.7913093338651774,0.7948473396545348,1,0.7974545718502747,0.3801285219970342
351,preprocess_v1_smote20,xgboost_baseline,fit,"{'C': 1000, 'penalty': 'l1', 'random_state': 2020, 'solver': 'saga'}",,0.6745084593355508,0.6854527878684864,1.0,0.4930650204441594,0.45790430042398544
352,preprocess_v1_smote50,xgboost_baseline,fit,"{'C': 1000, 'penalty': 'l1', 'random_state': 2020, 'solver': 'saga'}",,0.8065167530913442,0.7964980709260324,1.0,0.8132938799076213,0.3883643786680276
353,preprocess_v1_smoteTomek20,xgboost_baseline,fit,"{'C': 1000, 'penalty': 'l1', 'random_state': 2020, 'solver': 'saga'}",,0.6895829013556032,0.6862899513055094,1.0,0.5211418376449599,0.4690431519699812
354,preprocess_v1_smoteTomek50,xgboost_baseline,fit,"{'C': 1000, 'penalty': 'l1', 'random_state': 2020, 'solver': 'saga'}",,0.8087596373590498,0.7952778259417529,1.0,0.815223721246239,0.3872448979591837
355,preprocess_v1,xgboost_baseline,fit,"{'C': 1000, 'penalty': 'l1', 'random_state': 2020, 'solver': 'saga'}",,0.6284528921590516,0.6377639397695019,1,0.39596774193548384,0.42054574638844305
356,preprocess_v1_under50,xgboost_baseline,fit,"{'C': 1000, 'penalty': 'l1', 'random_state': 2020, 'solver': 'saga'}",,0.7909748259239422,0.7986970529626255,1,0.7969827025621018,0.38561438561438566
357,preprocess_v2_over50,xgboost_baseline,fit,"{'C': 1000, 'penalty': 'l1', 'random_state': 2020, 'solver': 'saga'}",,0.7912096130833666,0.7949470604363457,1,0.7973675933318817,0.38031651829871416
358,preprocess_v2_smote20,xgboost_baseline,fit,"{'C': 1000, 'penalty': 'l1', 'random_state': 2020, 'solver': 'saga'}",,0.6737854494824117,0.6839465129329526,1.0,0.491616526273566,0.45565006075334147
359,preprocess_v2_smote50,xgboost_baseline,fit,"{'C': 1000, 'penalty': 'l1', 'random_state': 2020, 'solver': 'saga'}",,0.8065541483845233,0.7963983501442216,1.0,0.8134130066247459,0.38816628411119614
360,preprocess_v2_smoteTomek20,xgboost_baseline,fit,"{'C': 1000, 'penalty': 'l1', 'random_state': 2020, 'solver': 'saga'}",,0.6897465658704192,0.684248344464194,1.0,0.52149048342418,0.46578782172002514
361,preprocess_v2_smoteTomek50,xgboost_baseline,fit,"{'C': 1000, 'penalty': 'l1', 'random_state': 2020, 'solver': 'saga'}",,0.8093623647002688,0.7947057660392444,1.0,0.8159579110701645,0.387410440122825
362,preprocess_v2,xgboost_baseline,fit,"{'C': 1000, 'penalty': 'l1', 'random_state': 2020, 'solver': 'saga'}",,0.6289760457008539,0.6405403200802208,1,0.3971802618328298,0.42754203362690146
363,preprocess_v2_under50,xgboost_baseline,fit,"{'C': 1000, 'penalty': 'l1', 'random_state': 2020, 'solver': 'saga'}",,0.790037493304767,0.7993819660411235,1,0.7960457856399584,0.38630684657671166
364,preprocess_v1_over50,xgboost_baseline,fit,"{'C': 1000, 'penalty': 'l2', 'random_state': 2020, 'solver': 'liblinear'}",,0.7912345432788194,0.7948473396545348,1,0.797362371445856,0.3801285219970342
365,preprocess_v1_smote20,xgboost_baseline,fit,"{'C': 1000, 'penalty': 'l2', 'random_state': 2020, 'solver': 'liblinear'}",,0.6745084593355508,0.6854527878684864,1.0,0.4930650204441594,0.45790430042398544
366,preprocess_v1_smote50,xgboost_baseline,fit,"{'C': 1000, 'penalty': 'l2', 'random_state': 2020, 'solver': 'liblinear'}",,0.8065167530913442,0.7964980709260324,1.0,0.8132938799076213,0.3883643786680276
367,preprocess_v1_smoteTomek20,xgboost_baseline,fit,"{'C': 1000, 'penalty': 'l2', 'random_state': 2020, 'solver': 'liblinear'}",,0.6895701628266486,0.6862899513055094,1.0,0.521095352778521,0.4690431519699812
368,preprocess_v1_smoteTomek50,xgboost_baseline,fit,"{'C': 1000, 'penalty': 'l2', 'random_state': 2020, 'solver': 'liblinear'}",,0.8087596373590498,0.7952778259417529,1.0,0.815223721246239,0.3872448979591837
369,preprocess_v1,xgboost_baseline,fit,"{'C': 1000, 'penalty': 'l2', 'random_state': 2020, 'solver': 'liblinear'}",,0.6284528921590516,0.6377639397695019,1,0.39596774193548384,0.42054574638844305
370,preprocess_v1_under50,xgboost_baseline,fit,"{'C': 1000, 'penalty': 'l2', 'random_state': 2020, 'solver': 'liblinear'}",,0.7909748259239422,0.7987967737444364,1,0.7969827025621018,0.3858070964517741
371,preprocess_v2_over50,xgboost_baseline,fit,"{'C': 1000, 'penalty': 'l2', 'random_state': 2020, 'solver': 'liblinear'}",,0.7911846828879138,0.7951465019999676,1,0.7973188791559793,0.3806930693069307
372,preprocess_v2_smote20,xgboost_baseline,fit,"{'C': 1000, 'penalty': 'l2', 'random_state': 2020, 'solver': 'liblinear'}",,0.6738353129810452,0.6839465129329526,1.0,0.49169808293895884,0.45565006075334147
373,preprocess_v2_smote50,xgboost_baseline,fit,"{'C': 1000, 'penalty': 'l2', 'random_state': 2020, 'solver': 'liblinear'}",,0.806541683286797,0.7963983501442216,1.0,0.8133987399605637,0.38816628411119614
374,preprocess_v2_smoteTomek20,xgboost_baseline,fit,"{'C': 1000, 'penalty': 'l2', 'random_state': 2020, 'solver': 'liblinear'}",,0.6898037538404511,0.684248344464194,1.0,0.5215759849906192,0.46578782172002514
375,preprocess_v2_smoteTomek50,xgboost_baseline,fit,"{'C': 1000, 'penalty': 'l2', 'random_state': 2020, 'solver': 'liblinear'}",,0.8093623647002688,0.7947057660392444,1.0,0.8159579110701645,0.387410440122825
376,preprocess_v2,xgboost_baseline,fit,"{'C': 1000, 'penalty': 'l2', 'random_state': 2020, 'solver': 'liblinear'}",,0.6289760457008539,0.6405403200802208,1,0.3971802618328298,0.42754203362690146
377,preprocess_v2_under50,xgboost_baseline,fit,"{'C': 1000, 'penalty': 'l2', 'random_state': 2020, 'solver': 'liblinear'}",,0.7897696839850027,0.7993321056502181,1,0.7957325006505335,0.3862103422433175
378,preprocess_v1_over50,xgboost_baseline,fit,"{'C': 1000, 'penalty': 'l2', 'random_state': 2020, 'solver': 'saga'}",,0.7913093338651774,0.7948473396545348,1,0.7974545718502747,0.3801285219970342
379,preprocess_v1_smote20,xgboost_baseline,fit,"{'C': 1000, 'penalty': 'l2', 'random_state': 2020, 'solver': 'saga'}",,0.6745084593355508,0.6854527878684864,1.0,0.4930650204441594,0.45790430042398544
380,preprocess_v1_smote50,xgboost_baseline,fit,"{'C': 1000, 'penalty': 'l2', 'random_state': 2020, 'solver': 'saga'}",,0.8065167530913442,0.7964980709260324,1.0,0.8132938799076213,0.3883643786680276
381,preprocess_v1_smoteTomek20,xgboost_baseline,fit,"{'C': 1000, 'penalty': 'l2', 'random_state': 2020, 'solver': 'saga'}",,0.6895829013556032,0.6862899513055094,1.0,0.5211418376449599,0.4690431519699812
382,preprocess_v1_smoteTomek50,xgboost_baseline,fit,"{'C': 1000, 'penalty': 'l2', 'random_state': 2020, 'solver': 'saga'}",,0.8087596373590498,0.7952778259417529,1.0,0.815223721246239,0.3872448979591837
383,preprocess_v1,xgboost_baseline,fit,"{'C': 1000, 'penalty': 'l2', 'random_state': 2020, 'solver': 'saga'}",,0.6284528921590516,0.6377639397695019,1,0.39596774193548384,0.42054574638844305
384,preprocess_v1_under50,xgboost_baseline,fit,"{'C': 1000, 'penalty': 'l2', 'random_state': 2020, 'solver': 'saga'}",,0.7909748259239422,0.7986970529626255,1,0.7969827025621018,0.38561438561438566
385,preprocess_v2_over50,xgboost_baseline,fit,"{'C': 1000, 'penalty': 'l2', 'random_state': 2020, 'solver': 'saga'}",,0.7912096130833666,0.7949470604363457,1,0.7973675933318817,0.38031651829871416
386,preprocess_v2_smote20,xgboost_baseline,fit,"{'C': 1000, 'penalty': 'l2', 'random_state': 2020, 'solver': 'saga'}",,0.6737854494824117,0.6839465129329526,1.0,0.491616526273566,0.45565006075334147
387,preprocess_v2_smote50,xgboost_baseline,fit,"{'C': 1000, 'penalty': 'l2', 'random_state': 2020, 'solver': 'saga'}",,0.8065541483845233,0.7963983501442216,1.0,0.8134130066247459,0.38816628411119614
388,preprocess_v2_smoteTomek20,xgboost_baseline,fit,"{'C': 1000, 'penalty': 'l2', 'random_state': 2020, 'solver': 'saga'}",,0.6897465658704192,0.684248344464194,1.0,0.52149048342418,0.46578782172002514
389,preprocess_v2_smoteTomek50,xgboost_baseline,fit,"{'C': 1000, 'penalty': 'l2', 'random_state': 2020, 'solver': 'saga'}",,0.8093623647002688,0.7947057660392444,1.0,0.8159579110701645,0.387410440122825
390,preprocess_v2,xgboost_baseline,fit,"{'C': 1000, 'penalty': 'l2', 'random_state': 2020, 'solver': 'saga'}",,0.6289760457008539,0.6405403200802208,1,0.3971802618328298,0.42754203362690146
391,preprocess_v2_under50,xgboost_baseline,fit,"{'C': 1000, 'penalty': 'l2', 'random_state': 2020, 'solver': 'saga'}",,0.790037493304767,0.7993819660411235,1,0.7960457856399584,0.38630684657671166
